2026-06-30T07:05:13.013+07:00  INFO 2244 --- [mtp-hr-service] [restartedMain] com.mtp.api.ApiApplication               : Starting ApiApplication using Java 25.0.2 with PID 2244 (D:\Download\FuturesSystem2023-Mar-22\spring-backend\build\classes\java\main started by K-VeaSna in D:\Download\FuturesSystem2023-Mar-22\spring-backend)
2026-06-30T07:05:13.022+07:00  INFO 2244 --- [mtp-hr-service] [restartedMain] com.mtp.api.ApiApplication               : No active profile set, falling back to 1 default profile: "default"
2026-06-30T07:05:13.082+07:00  INFO 2244 --- [mtp-hr-service] [restartedMain] .e.DevToolsPropertyDefaultsPostProcessor : Devtools property defaults active! Set 'spring.devtools.add-properties' to 'false' to disable
2026-06-30T07:05:13.216+07:00  INFO 2244 --- [mtp-hr-service] [restartedMain] .e.DevToolsPropertyDefaultsPostProcessor : For additional web related logging consider setting the 'logging.level.web' property to 'DEBUG'
2026-06-30T07:05:22.717+07:00  INFO 2244 --- [mtp-hr-service] [restartedMain] .s.d.r.c.RepositoryConfigurationDelegate : Bootstrapping Spring Data JPA repositories in DEFAULT mode.
2026-06-30T07:05:23.833+07:00  INFO 2244 --- [mtp-hr-service] [restartedMain] .s.d.r.c.RepositoryConfigurationDelegate : Finished Spring Data repository scanning in 1038 ms. Found 69 JPA repository interfaces.
2026-06-30T07:05:25.042+07:00  INFO 2244 --- [mtp-hr-service] [restartedMain] o.s.cloud.context.scope.GenericScope     : BeanFactory id=f8ee94fd-6059-3bfc-adbd-7c58a9f4f765
2026-06-30T07:05:27.508+07:00  INFO 2244 --- [mtp-hr-service] [restartedMain] o.s.b.w.embedded.tomcat.TomcatWebServer  : Tomcat initialized with port 8081 (http)
2026-06-30T07:05:27.531+07:00  INFO 2244 --- [mtp-hr-service] [restartedMain] o.apache.catalina.core.StandardService   : Starting service [Tomcat]
2026-06-30T07:05:27.537+07:00  INFO 2244 --- [mtp-hr-service] [restartedMain] o.apache.catalina.core.StandardEngine    : Starting Servlet engine: [Apache Tomcat/10.1.34]
2026-06-30T07:05:27.695+07:00  INFO 2244 --- [mtp-hr-service] [restartedMain] o.a.c.c.C.[Tomcat].[localhost].[/]       : Initializing Spring embedded WebApplicationContext
2026-06-30T07:05:27.705+07:00  INFO 2244 --- [mtp-hr-service] [restartedMain] w.s.c.ServletWebServerApplicationContext : Root WebApplicationContext: initialization completed in 14487 ms
2026-06-30T07:05:30.207+07:00  INFO 2244 --- [mtp-hr-service] [restartedMain] o.hibernate.jpa.internal.util.LogHelper  : HHH000204: Processing PersistenceUnitInfo [name: default]
2026-06-30T07:05:30.384+07:00  INFO 2244 --- [mtp-hr-service] [restartedMain] org.hibernate.Version                    : HHH000412: Hibernate ORM core version 6.6.4.Final
2026-06-30T07:05:30.459+07:00  INFO 2244 --- [mtp-hr-service] [restartedMain] o.h.c.internal.RegionFactoryInitiator    : HHH000026: Second-level cache disabled
2026-06-30T07:05:31.329+07:00  INFO 2244 --- [mtp-hr-service] [restartedMain] o.s.o.j.p.SpringPersistenceUnitInfo      : No LoadTimeWeaver setup: ignoring JPA class transformer
2026-06-30T07:05:31.384+07:00  INFO 2244 --- [mtp-hr-service] [restartedMain] com.zaxxer.hikari.HikariDataSource       : MtpHikariPool - Starting...
2026-06-30T07:05:32.093+07:00  INFO 2244 --- [mtp-hr-service] [restartedMain] com.zaxxer.hikari.pool.HikariPool        : MtpHikariPool - Added connection ConnectionID:1 ClientConnectionId: e4399dc3-dadf-4532-96b3-16b05f255236
2026-06-30T07:05:32.101+07:00  INFO 2244 --- [mtp-hr-service] [restartedMain] com.zaxxer.hikari.HikariDataSource       : MtpHikariPool - Start completed.
2026-06-30T07:05:32.220+07:00  WARN 2244 --- [mtp-hr-service] [restartedMain] org.hibernate.dialect.Dialect            : HHH000511: The 10.0.0 version for [org.hibernate.dialect.SQLServerDialect] is no longer supported, hence certain features may not work properly. The minimum supported version is 11.0.0. Check the community dialects project for available legacy versions.
2026-06-30T07:05:32.229+07:00  WARN 2244 --- [mtp-hr-service] [restartedMain] org.hibernate.orm.deprecation            : HHH90000025: SQLServerDialect does not need to be specified explicitly using 'hibernate.dialect' (remove the property setting and it will be selected by default)
2026-06-30T07:05:32.320+07:00  INFO 2244 --- [mtp-hr-service] [restartedMain] org.hibernate.orm.connections.pooling    : HHH10001005: Database info:
	Database JDBC URL [Connecting through datasource 'HikariDataSource (MtpHikariPool)']
	Database driver: undefined/unknown
	Database version: 10.0
	Autocommit mode: undefined/unknown
	Isolation level: undefined/unknown
	Minimum pool size: undefined/unknown
	Maximum pool size: undefined/unknown
2026-06-30T07:05:37.793+07:00  INFO 2244 --- [mtp-hr-service] [restartedMain] o.h.e.t.j.p.i.JtaPlatformInitiator       : HHH000489: No JTA platform available (set 'hibernate.transaction.jta.platform' to enable JTA platform integration)
2026-06-30T07:05:37.798+07:00  INFO 2244 --- [mtp-hr-service] [restartedMain] j.LocalContainerEntityManagerFactoryBean : Initialized JPA EntityManagerFactory for persistence unit 'default'
2026-06-30T07:05:38.216+07:00  INFO 2244 --- [mtp-hr-service] [restartedMain] o.s.d.j.r.query.QueryEnhancerFactory     : Hibernate is in classpath; If applicable, HQL parser will be used.
2026-06-30T07:05:46.305+07:00  WARN 2244 --- [mtp-hr-service] [restartedMain] JpaBaseConfiguration$JpaWebConfiguration : spring.jpa.open-in-view is enabled by default. Therefore, database queries may be performed during view rendering. Explicitly configure spring.jpa.open-in-view to disable this warning
2026-06-30T07:05:46.924+07:00  INFO 2244 --- [mtp-hr-service] [restartedMain] eAuthenticationProviderManagerConfigurer : Global AuthenticationManager configured with AuthenticationProvider bean with name authenticationProvider
2026-06-30T07:05:46.929+07:00  WARN 2244 --- [mtp-hr-service] [restartedMain] r$InitializeUserDetailsManagerConfigurer : Global AuthenticationManager configured with an AuthenticationProvider bean. UserDetailsService beans will not be used by Spring Security for automatically configuring username/password login. Consider removing the AuthenticationProvider bean. Alternatively, consider using the UserDetailsService in a manually instantiated DaoAuthenticationProvider. If the current configuration is intentional, to turn off this warning, increase the logging level of 'org.springframework.security.config.annotation.authentication.configuration.InitializeUserDetailsBeanManagerConfigurer' to ERROR
2026-06-30T07:05:49.037+07:00  INFO 2244 --- [mtp-hr-service] [restartedMain] o.s.b.a.e.web.EndpointLinksResolver      : Exposing 4 endpoints beneath base path '/actuator'
2026-06-30T07:05:49.231+07:00 DEBUG 2244 --- [mtp-hr-service] [restartedMain] o.s.s.web.DefaultSecurityFilterChain     : Will secure any request with filters: DisableEncodeUrlFilter, WebAsyncManagerIntegrationFilter, SecurityContextHolderFilter, HeaderWriterFilter, CorsFilter, LogoutFilter, RateLimitFilter, JwtRequestFilter, RequestCacheAwareFilter, SecurityContextHolderAwareRequestFilter, AnonymousAuthenticationFilter, SessionManagementFilter, ExceptionTranslationFilter, AuthorizationFilter
2026-06-30T07:05:49.581+07:00  WARN 2244 --- [mtp-hr-service] [restartedMain] i.m.c.i.b.cache.CaffeineCacheMetrics     : The cache 'lookups' is not recording statistics. No meters except 'cache.size' will be registered. Call 'Caffeine#recordStats()' prior to building the cache for metrics to be recorded.
2026-06-30T07:05:49.582+07:00  WARN 2244 --- [mtp-hr-service] [restartedMain] i.m.c.i.b.cache.CaffeineCacheMetrics     : The cache 'employers' is not recording statistics. No meters except 'cache.size' will be registered. Call 'Caffeine#recordStats()' prior to building the cache for metrics to be recorded.
2026-06-30T07:05:49.582+07:00  WARN 2244 --- [mtp-hr-service] [restartedMain] i.m.c.i.b.cache.CaffeineCacheMetrics     : The cache 'clients' is not recording statistics. No meters except 'cache.size' will be registered. Call 'Caffeine#recordStats()' prior to building the cache for metrics to be recorded.
2026-06-30T07:05:49.582+07:00  WARN 2244 --- [mtp-hr-service] [restartedMain] i.m.c.i.b.cache.CaffeineCacheMetrics     : The cache 'dashboardStats' is not recording statistics. No meters except 'cache.size' will be registered. Call 'Caffeine#recordStats()' prior to building the cache for metrics to be recorded.
2026-06-30T07:05:49.582+07:00  WARN 2244 --- [mtp-hr-service] [restartedMain] i.m.c.i.b.cache.CaffeineCacheMetrics     : The cache 'inventory' is not recording statistics. No meters except 'cache.size' will be registered. Call 'Caffeine#recordStats()' prior to building the cache for metrics to be recorded.
2026-06-30T07:05:49.582+07:00  WARN 2244 --- [mtp-hr-service] [restartedMain] i.m.c.i.b.cache.CaffeineCacheMetrics     : The cache 'users' is not recording statistics. No meters except 'cache.size' will be registered. Call 'Caffeine#recordStats()' prior to building the cache for metrics to be recorded.
2026-06-30T07:05:49.583+07:00  WARN 2244 --- [mtp-hr-service] [restartedMain] i.m.c.i.b.cache.CaffeineCacheMetrics     : The cache 'vacancies' is not recording statistics. No meters except 'cache.size' will be registered. Call 'Caffeine#recordStats()' prior to building the cache for metrics to be recorded.
2026-06-30T07:05:49.583+07:00  WARN 2244 --- [mtp-hr-service] [restartedMain] i.m.c.i.b.cache.CaffeineCacheMetrics     : The cache 'jobCategories' is not recording statistics. No meters except 'cache.size' will be registered. Call 'Caffeine#recordStats()' prior to building the cache for metrics to be recorded.
2026-06-30T07:05:49.583+07:00  WARN 2244 --- [mtp-hr-service] [restartedMain] i.m.c.i.b.cache.CaffeineCacheMetrics     : The cache 'employees' is not recording statistics. No meters except 'cache.size' will be registered. Call 'Caffeine#recordStats()' prior to building the cache for metrics to be recorded.
2026-06-30T07:05:49.988+07:00  INFO 2244 --- [mtp-hr-service] [restartedMain] o.s.b.d.a.OptionalLiveReloadServer       : LiveReload server is running on port 35729
2026-06-30T07:05:50.056+07:00  INFO 2244 --- [mtp-hr-service] [restartedMain] DiscoveryClientOptionalArgsConfiguration : Eureka HTTP Client uses RestTemplate.
2026-06-30T07:05:50.285+07:00  INFO 2244 --- [mtp-hr-service] [restartedMain] o.s.m.s.b.SimpleBrokerMessageHandler     : Starting...
2026-06-30T07:05:50.286+07:00  INFO 2244 --- [mtp-hr-service] [restartedMain] o.s.m.s.b.SimpleBrokerMessageHandler     : BrokerAvailabilityEvent[available=true, SimpleBrokerMessageHandler [org.springframework.messaging.simp.broker.DefaultSubscriptionRegistry@e10a8f0]]
2026-06-30T07:05:50.289+07:00  INFO 2244 --- [mtp-hr-service] [restartedMain] o.s.m.s.b.SimpleBrokerMessageHandler     : Started.
2026-06-30T07:05:50.301+07:00  INFO 2244 --- [mtp-hr-service] [restartedMain] o.s.c.n.eureka.InstanceInfoFactory       : Setting initial instance status as: STARTING
2026-06-30T07:05:50.370+07:00  INFO 2244 --- [mtp-hr-service] [restartedMain] com.netflix.discovery.DiscoveryClient    : Initializing Eureka in region us-east-1
2026-06-30T07:05:50.385+07:00  INFO 2244 --- [mtp-hr-service] [restartedMain] c.n.d.s.r.aws.ConfigClusterResolver      : Resolving eureka endpoints via configuration
2026-06-30T07:05:50.430+07:00  INFO 2244 --- [mtp-hr-service] [restartedMain] com.netflix.discovery.DiscoveryClient    : Disable delta property : false
2026-06-30T07:05:50.443+07:00  INFO 2244 --- [mtp-hr-service] [restartedMain] com.netflix.discovery.DiscoveryClient    : Single vip registry refresh property : null
2026-06-30T07:05:50.444+07:00  INFO 2244 --- [mtp-hr-service] [restartedMain] com.netflix.discovery.DiscoveryClient    : Force full registry fetch : false
2026-06-30T07:05:50.445+07:00  INFO 2244 --- [mtp-hr-service] [restartedMain] com.netflix.discovery.DiscoveryClient    : Application is null : false
2026-06-30T07:05:50.445+07:00  INFO 2244 --- [mtp-hr-service] [restartedMain] com.netflix.discovery.DiscoveryClient    : Registered Applications size is zero : true
2026-06-30T07:05:50.446+07:00  INFO 2244 --- [mtp-hr-service] [restartedMain] com.netflix.discovery.DiscoveryClient    : Application version is -1: true
2026-06-30T07:05:50.446+07:00  INFO 2244 --- [mtp-hr-service] [restartedMain] com.netflix.discovery.DiscoveryClient    : Getting all instance registry info from the eureka server
2026-06-30T07:05:50.862+07:00  INFO 2244 --- [mtp-hr-service] [restartedMain] com.netflix.discovery.DiscoveryClient    : The response status is 200
2026-06-30T07:05:50.865+07:00  INFO 2244 --- [mtp-hr-service] [restartedMain] com.netflix.discovery.DiscoveryClient    : Starting heartbeat executor: renew interval is: 30
2026-06-30T07:05:50.883+07:00  INFO 2244 --- [mtp-hr-service] [restartedMain] c.n.discovery.InstanceInfoReplicator     : InstanceInfoReplicator onDemand update allowed rate per min is 4
2026-06-30T07:05:50.886+07:00  INFO 2244 --- [mtp-hr-service] [restartedMain] com.netflix.discovery.DiscoveryClient    : Discovery Client initialized at timestamp 1782777950885 with initial instances count: 9
2026-06-30T07:05:50.912+07:00  INFO 2244 --- [mtp-hr-service] [restartedMain] o.s.c.n.e.s.EurekaServiceRegistry        : Registering application MTP-HR-SERVICE with eureka with status UP
2026-06-30T07:05:50.913+07:00  INFO 2244 --- [mtp-hr-service] [restartedMain] com.netflix.discovery.DiscoveryClient    : Saw local status change event StatusChangeEvent [timestamp=1782777950913, current=UP, previous=STARTING]
2026-06-30T07:05:50.915+07:00  INFO 2244 --- [mtp-hr-service] [DiscoveryClient-InstanceInfoReplicator-%d] com.netflix.discovery.DiscoveryClient    : DiscoveryClient_MTP-HR-SERVICE/veasna:mtp-hr-service:8081: registering service...
2026-06-30T07:05:50.935+07:00  INFO 2244 --- [mtp-hr-service] [restartedMain] o.s.b.w.embedded.tomcat.TomcatWebServer  : Tomcat started on port 8081 (http) with context path '/'
2026-06-30T07:05:50.937+07:00  INFO 2244 --- [mtp-hr-service] [restartedMain] .s.c.n.e.s.EurekaAutoServiceRegistration : Updating port to 8081
2026-06-30T07:05:50.972+07:00  INFO 2244 --- [mtp-hr-service] [DiscoveryClient-InstanceInfoReplicator-%d] com.netflix.discovery.DiscoveryClient    : DiscoveryClient_MTP-HR-SERVICE/veasna:mtp-hr-service:8081 - registration status: 204
2026-06-30T07:05:51.005+07:00  INFO 2244 --- [mtp-hr-service] [restartedMain] com.mtp.api.ApiApplication               : Started ApiApplication in 38.537 seconds (process running for 39.241)
2026-06-30T07:05:51.014+07:00  INFO 2244 --- [mtp-hr-service] [MessageBroker-1] c.m.a.s.impl.AttendanceServiceImpl       : [ZK-AutoSync] Waking up to process 3 hardware nodes...
2026-06-30T07:05:51.048+07:00  INFO 2244 --- [mtp-hr-service] [MessageBroker-1] c.m.a.s.impl.AttendanceServiceImpl       : System Employee ID Samples: [101, 102, 103, USR-admin@mtp.com, USR-superadmin@mloptapang.org, EMP-2026-0012]
2026-06-30T07:05:51.126+07:00  INFO 2244 --- [mtp-hr-service] [MessageBroker-1] c.m.a.s.impl.AttendanceServiceImpl       : Connecting to hardware node: 192.168.2.10
2026-06-30T07:05:51.126+07:00  INFO 2244 --- [mtp-hr-service] [MessageBroker-1] com.mtp.api.utils.ZkDeviceClient         : Fetching User Registry from hardware: 192.168.2.10
2026-06-30T07:05:51.157+07:00  INFO 2244 --- [mtp-hr-service] [MessageBroker-1] com.mtp.api.utils.ZkDeviceClient         : [ZK-Protocol] Session Locked & Confirmed: 27262
2026-06-30T07:05:51.193+07:00  INFO 2244 --- [mtp-hr-service] [MessageBroker-1] com.mtp.api.utils.ZkDeviceClient         : [ZK-Protocol] Probing user table: user...
2026-06-30T07:05:51.206+07:00  INFO 2244 --- [mtp-hr-service] [MessageBroker-1] com.mtp.api.utils.ZkDeviceClient         : [ZK-Protocol] Probing user table: USER_INFO...
2026-06-30T07:05:51.212+07:00  INFO 2244 --- [mtp-hr-service] [MessageBroker-1] com.mtp.api.utils.ZkDeviceClient         : [ZK-Protocol] Probing user table: person...
2026-06-30T07:05:51.223+07:00  INFO 2244 --- [mtp-hr-service] [MessageBroker-1] com.mtp.api.utils.ZkDeviceClient         : [ZK-Protocol] Modern user tables empty. Trying Streaming Legacy CMD_USER_RRQ...
2026-06-30T07:05:51.233+07:00  INFO 2244 --- [mtp-hr-service] [MessageBroker-1] com.mtp.api.utils.ZkDeviceClient         : [ZK-Protocol] UDP failed. Attempting TCP fallback for User List...
2026-06-30T07:05:51.266+07:00  INFO 2244 --- [mtp-hr-service] [MessageBroker-1] c.m.a.s.impl.AttendanceServiceImpl       : [ZK-Registry] Found 0 names on hardware.
2026-06-30T07:05:51.334+07:00  INFO 2244 --- [mtp-hr-service] [MessageBroker-1] com.mtp.api.utils.ZkDeviceClient         : [ZK-Protocol] Session Locked & Confirmed: 27263
2026-06-30T07:05:51.368+07:00  INFO 2244 --- [mtp-hr-service] [MessageBroker-1] com.mtp.api.utils.ZkDeviceClient         : [ZK-Protocol] Using Legacy CMD_ATTLOG_RRQ for hardware compatibility...
2026-06-30T07:05:51.377+07:00  INFO 2244 --- [mtp-hr-service] [MessageBroker-1] com.mtp.api.utils.ZkDeviceClient         : [ZK-Protocol] UDP stream returned no legacy data. Probing modern attlog table...
2026-06-30T07:05:51.411+07:00  INFO 2244 --- [mtp-hr-service] [MessageBroker-1] c.m.a.s.impl.AttendanceServiceImpl       : No new logs found on device: 192.168.2.10
2026-06-30T07:05:51.497+07:00  INFO 2244 --- [mtp-hr-service] [MessageBroker-1] c.m.a.s.impl.AttendanceServiceImpl       : System Employee ID Samples: [101, 102, 103, USR-admin@mtp.com, USR-superadmin@mloptapang.org, EMP-2026-0012]
2026-06-30T07:05:51.500+07:00  INFO 2244 --- [mtp-hr-service] [MessageBroker-1] c.m.a.s.impl.AttendanceServiceImpl       : Connecting to hardware node: 192.168.5.10
2026-06-30T07:05:51.500+07:00  INFO 2244 --- [mtp-hr-service] [MessageBroker-1] com.mtp.api.utils.ZkDeviceClient         : Fetching User Registry from hardware: 192.168.5.10
2026-06-30T07:05:59.508+07:00 ERROR 2244 --- [mtp-hr-service] [MessageBroker-1] c.m.a.s.impl.AttendanceServiceImpl       : Hardware Protocol Error [192.168.5.10]: Receive timed out
2026-06-30T07:05:59.527+07:00  INFO 2244 --- [mtp-hr-service] [MessageBroker-1] c.m.a.s.impl.AttendanceServiceImpl       : System Employee ID Samples: [101, 102, 103, USR-admin@mtp.com, USR-superadmin@mloptapang.org, EMP-2026-0012]
2026-06-30T07:05:59.530+07:00  INFO 2244 --- [mtp-hr-service] [MessageBroker-1] c.m.a.s.impl.AttendanceServiceImpl       : Connecting to hardware node: 192.168.2.10
2026-06-30T07:05:59.530+07:00  INFO 2244 --- [mtp-hr-service] [MessageBroker-1] com.mtp.api.utils.ZkDeviceClient         : Fetching User Registry from hardware: 192.168.2.10
2026-06-30T07:05:59.614+07:00  INFO 2244 --- [mtp-hr-service] [MessageBroker-1] com.mtp.api.utils.ZkDeviceClient         : [ZK-Protocol] Session Locked & Confirmed: 27271
2026-06-30T07:05:59.659+07:00  INFO 2244 --- [mtp-hr-service] [MessageBroker-1] com.mtp.api.utils.ZkDeviceClient         : [ZK-Protocol] Probing user table: user...
2026-06-30T07:05:59.666+07:00  INFO 2244 --- [mtp-hr-service] [MessageBroker-1] com.mtp.api.utils.ZkDeviceClient         : [ZK-Protocol] Probing user table: USER_INFO...
2026-06-30T07:05:59.677+07:00  INFO 2244 --- [mtp-hr-service] [MessageBroker-1] com.mtp.api.utils.ZkDeviceClient         : [ZK-Protocol] Probing user table: person...
2026-06-30T07:05:59.728+07:00  INFO 2244 --- [mtp-hr-service] [MessageBroker-1] com.mtp.api.utils.ZkDeviceClient         : [ZK-Protocol] Modern user tables empty. Trying Streaming Legacy CMD_USER_RRQ...
2026-06-30T07:05:59.739+07:00  INFO 2244 --- [mtp-hr-service] [MessageBroker-1] com.mtp.api.utils.ZkDeviceClient         : [ZK-Protocol] UDP failed. Attempting TCP fallback for User List...
2026-06-30T07:05:59.803+07:00  INFO 2244 --- [mtp-hr-service] [MessageBroker-1] c.m.a.s.impl.AttendanceServiceImpl       : [ZK-Registry] Found 0 names on hardware.
2026-06-30T07:06:00.362+07:00  INFO 2244 --- [mtp-hr-service] [MessageBroker-1] com.mtp.api.utils.ZkDeviceClient         : [ZK-Protocol] Session Locked & Confirmed: 27272
2026-06-30T07:06:00.383+07:00  INFO 2244 --- [mtp-hr-service] [MessageBroker-1] com.mtp.api.utils.ZkDeviceClient         : [ZK-Protocol] Using Legacy CMD_ATTLOG_RRQ for hardware compatibility...
2026-06-30T07:06:00.392+07:00  INFO 2244 --- [mtp-hr-service] [MessageBroker-1] com.mtp.api.utils.ZkDeviceClient         : [ZK-Protocol] UDP stream returned no legacy data. Probing modern attlog table...
2026-06-30T07:06:00.464+07:00  INFO 2244 --- [mtp-hr-service] [MessageBroker-1] c.m.a.s.impl.AttendanceServiceImpl       : No new logs found on device: 192.168.2.10
2026-06-30T07:06:50.248+07:00  INFO 2244 --- [mtp-hr-service] [MessageBroker-3] o.s.w.s.c.WebSocketMessageBrokerStats    : WebSocketSession[0 current WS(0)-HttpStream(0)-HttpPoll(0), 0 total, 0 closed abnormally (0 connect failure, 0 send limit, 0 transport error)], stompSubProtocol[processed CONNECT(0)-CONNECTED(0)-DISCONNECT(0)], stompBrokerRelay[null], inboundChannel[pool size = 0, active threads = 0, queued tasks = 0, completed tasks = 0], outboundChannel[pool size = 0, active threads = 0, queued tasks = 0, completed tasks = 0], sockJsScheduler[pool size = 7, active threads = 1, queued tasks = 4, completed tasks = 2]
2026-06-30T07:08:54.710+07:00  INFO 2244 --- [mtp-hr-service] [tomcat-handler-3] o.a.c.c.C.[Tomcat].[localhost].[/]       : Initializing Spring DispatcherServlet 'dispatcherServlet'
2026-06-30T07:08:54.710+07:00  INFO 2244 --- [mtp-hr-service] [tomcat-handler-3] o.s.web.servlet.DispatcherServlet        : Initializing Servlet 'dispatcherServlet'
2026-06-30T07:08:54.713+07:00  INFO 2244 --- [mtp-hr-service] [tomcat-handler-3] o.s.web.servlet.DispatcherServlet        : Completed initialization in 3 ms
2026-06-30T07:08:54.730+07:00 DEBUG 2244 --- [mtp-hr-service] [tomcat-handler-1] o.s.security.web.FilterChainProxy        : Securing GET /api/dashboard/stats
2026-06-30T07:08:54.730+07:00 DEBUG 2244 --- [mtp-hr-service] [tomcat-handler-5] o.s.security.web.FilterChainProxy        : Securing GET /api/settings/APP_LOGO
2026-06-30T07:08:54.730+07:00 DEBUG 2244 --- [mtp-hr-service] [tomcat-handler-2] o.s.security.web.FilterChainProxy        : Securing GET /api/settings/APP_LOGO
2026-06-30T07:08:54.730+07:00 DEBUG 2244 --- [mtp-hr-service] [tomcat-handler-3] o.s.security.web.FilterChainProxy        : Securing GET /api/dashboard/stats
2026-06-30T07:08:54.730+07:00 DEBUG 2244 --- [mtp-hr-service] [tomcat-handler-4] o.s.security.web.FilterChainProxy        : Securing GET /api/chat/history/user/superadmin@mloptapang.org
2026-06-30T07:08:54.730+07:00 DEBUG 2244 --- [mtp-hr-service] [tomcat-handler-0] o.s.security.web.FilterChainProxy        : Securing GET /api/chat/history/user/superadmin@mloptapang.org
2026-06-30T07:08:54.949+07:00 DEBUG 2244 --- [mtp-hr-service] [tomcat-handler-0] o.s.security.web.FilterChainProxy        : Secured GET /api/chat/history/user/superadmin@mloptapang.org
2026-06-30T07:08:54.949+07:00 DEBUG 2244 --- [mtp-hr-service] [tomcat-handler-3] o.s.security.web.FilterChainProxy        : Secured GET /api/dashboard/stats
2026-06-30T07:08:54.949+07:00 DEBUG 2244 --- [mtp-hr-service] [tomcat-handler-2] o.s.security.web.FilterChainProxy        : Secured GET /api/settings/APP_LOGO
2026-06-30T07:08:54.949+07:00 DEBUG 2244 --- [mtp-hr-service] [tomcat-handler-4] o.s.security.web.FilterChainProxy        : Secured GET /api/chat/history/user/superadmin@mloptapang.org
2026-06-30T07:08:54.950+07:00 DEBUG 2244 --- [mtp-hr-service] [tomcat-handler-5] o.s.security.web.FilterChainProxy        : Secured GET /api/settings/APP_LOGO
2026-06-30T07:08:54.970+07:00 DEBUG 2244 --- [mtp-hr-service] [tomcat-handler-1] o.s.security.web.FilterChainProxy        : Secured GET /api/dashboard/stats
2026-06-30T07:08:55.101+07:00 DEBUG 2244 --- [mtp-hr-service] [tomcat-handler-6] o.s.security.web.FilterChainProxy        : Securing GET /api/dashboard/stats
2026-06-30T07:08:55.104+07:00 DEBUG 2244 --- [mtp-hr-service] [tomcat-handler-7] o.s.security.web.FilterChainProxy        : Securing GET /api/dashboard/stats
2026-06-30T07:08:55.147+07:00 DEBUG 2244 --- [mtp-hr-service] [tomcat-handler-6] o.s.security.web.FilterChainProxy        : Secured GET /api/dashboard/stats
2026-06-30T07:08:55.151+07:00 DEBUG 2244 --- [mtp-hr-service] [tomcat-handler-7] o.s.security.web.FilterChainProxy        : Secured GET /api/dashboard/stats
2026-06-30T07:08:55.757+07:00 DEBUG 2244 --- [mtp-hr-service] [tomcat-handler-8] o.s.security.web.FilterChainProxy        : Securing GET /ws/info?t=1782778135737
2026-06-30T07:08:55.758+07:00 DEBUG 2244 --- [mtp-hr-service] [tomcat-handler-8] o.s.s.w.a.AnonymousAuthenticationFilter  : Set SecurityContextHolder to anonymous SecurityContext
2026-06-30T07:08:55.759+07:00 DEBUG 2244 --- [mtp-hr-service] [tomcat-handler-8] o.s.security.web.FilterChainProxy        : Secured GET /ws/info?t=1782778135737
2026-06-30T07:08:56.134+07:00 DEBUG 2244 --- [mtp-hr-service] [tomcat-handler-9] o.s.security.web.FilterChainProxy        : Securing GET /ws/243/clk5y4d5/websocket
2026-06-30T07:08:56.136+07:00 DEBUG 2244 --- [mtp-hr-service] [tomcat-handler-9] o.s.s.w.a.AnonymousAuthenticationFilter  : Set SecurityContextHolder to anonymous SecurityContext
2026-06-30T07:08:56.137+07:00 DEBUG 2244 --- [mtp-hr-service] [tomcat-handler-9] o.s.security.web.FilterChainProxy        : Secured GET /ws/243/clk5y4d5/websocket
2026-06-30T07:08:56.205+07:00  INFO 2244 --- [mtp-hr-service] [tomcat-handler-10] com.mtp.api.config.WebSocketConfig       : WebSocket CONNECT attempt. Auth header present: true
2026-06-30T07:08:56.207+07:00  INFO 2244 --- [mtp-hr-service] [tomcat-handler-10] com.mtp.api.config.WebSocketConfig       : WebSocket authenticated user: superadmin@mloptapang.org
2026-06-30T07:08:56.213+07:00  INFO 2244 --- [mtp-hr-service] [clientOutboundChannel-1] c.mtp.api.config.WebSocketEventListener  : WebSocket connection established for user: superadmin@mloptapang.org
2026-06-30T07:09:09.044+07:00 DEBUG 2244 --- [mtp-hr-service] [tomcat-handler-17] o.s.security.web.FilterChainProxy        : Securing GET /api/dashboard/stats
2026-06-30T07:09:09.087+07:00 DEBUG 2244 --- [mtp-hr-service] [tomcat-handler-17] o.s.security.web.FilterChainProxy        : Secured GET /api/dashboard/stats
2026-06-30T07:09:24.284+07:00 DEBUG 2244 --- [mtp-hr-service] [tomcat-handler-18] o.s.security.web.FilterChainProxy        : Securing GET /api/dashboard/stats
2026-06-30T07:09:24.359+07:00 DEBUG 2244 --- [mtp-hr-service] [tomcat-handler-18] o.s.security.web.FilterChainProxy        : Secured GET /api/dashboard/stats
2026-06-30T07:09:40.003+07:00 DEBUG 2244 --- [mtp-hr-service] [tomcat-handler-19] o.s.security.web.FilterChainProxy        : Securing GET /api/dashboard/stats
2026-06-30T07:09:40.047+07:00 DEBUG 2244 --- [mtp-hr-service] [tomcat-handler-19] o.s.security.web.FilterChainProxy        : Secured GET /api/dashboard/stats
2026-06-30T07:09:55.381+07:00 DEBUG 2244 --- [mtp-hr-service] [tomcat-handler-20] o.s.security.web.FilterChainProxy        : Securing GET /api/dashboard/stats
2026-06-30T07:09:55.423+07:00 DEBUG 2244 --- [mtp-hr-service] [tomcat-handler-20] o.s.security.web.FilterChainProxy        : Secured GET /api/dashboard/stats
2026-06-30T07:10:10.767+07:00 DEBUG 2244 --- [mtp-hr-service] [tomcat-handler-23] o.s.security.web.FilterChainProxy        : Securing GET /api/dashboard/stats
2026-06-30T07:10:10.824+07:00 DEBUG 2244 --- [mtp-hr-service] [tomcat-handler-23] o.s.security.web.FilterChainProxy        : Secured GET /api/dashboard/stats
2026-06-30T07:10:26.158+07:00 DEBUG 2244 --- [mtp-hr-service] [tomcat-handler-24] o.s.security.web.FilterChainProxy        : Securing GET /api/dashboard/stats
2026-06-30T07:10:26.208+07:00 DEBUG 2244 --- [mtp-hr-service] [tomcat-handler-24] o.s.security.web.FilterChainProxy        : Secured GET /api/dashboard/stats
2026-06-30T07:10:41.547+07:00 DEBUG 2244 --- [mtp-hr-service] [tomcat-handler-25] o.s.security.web.FilterChainProxy        : Securing GET /api/dashboard/stats
2026-06-30T07:10:41.595+07:00 DEBUG 2244 --- [mtp-hr-service] [tomcat-handler-25] o.s.security.web.FilterChainProxy        : Secured GET /api/dashboard/stats
2026-06-30T07:10:50.449+07:00  INFO 2244 --- [mtp-hr-service] [AsyncResolver-bootstrap-executor-%d] c.n.d.s.r.aws.ConfigClusterResolver      : Resolving eureka endpoints via configuration
2026-06-30T07:10:57.186+07:00 DEBUG 2244 --- [mtp-hr-service] [tomcat-handler-26] o.s.security.web.FilterChainProxy        : Securing GET /api/dashboard/stats
2026-06-30T07:10:57.233+07:00 DEBUG 2244 --- [mtp-hr-service] [tomcat-handler-26] o.s.security.web.FilterChainProxy        : Secured GET /api/dashboard/stats
2026-06-30T07:11:12.710+07:00 DEBUG 2244 --- [mtp-hr-service] [tomcat-handler-27] o.s.security.web.FilterChainProxy        : Securing GET /api/dashboard/stats
2026-06-30T07:11:12.745+07:00 DEBUG 2244 --- [mtp-hr-service] [tomcat-handler-27] o.s.security.web.FilterChainProxy        : Secured GET /api/dashboard/stats
2026-06-30T07:11:28.127+07:00 DEBUG 2244 --- [mtp-hr-service] [tomcat-handler-28] o.s.security.web.FilterChainProxy        : Securing GET /api/dashboard/stats
2026-06-30T07:11:28.172+07:00 DEBUG 2244 --- [mtp-hr-service] [tomcat-handler-28] o.s.security.web.FilterChainProxy        : Secured GET /api/dashboard/stats
2026-06-30T07:11:43.833+07:00 DEBUG 2244 --- [mtp-hr-service] [tomcat-handler-29] o.s.security.web.FilterChainProxy        : Securing GET /api/dashboard/stats
2026-06-30T07:11:43.871+07:00 DEBUG 2244 --- [mtp-hr-service] [tomcat-handler-29] o.s.security.web.FilterChainProxy        : Secured GET /api/dashboard/stats
2026-06-30T07:11:59.459+07:00 DEBUG 2244 --- [mtp-hr-service] [tomcat-handler-30] o.s.security.web.FilterChainProxy        : Securing GET /api/dashboard/stats
2026-06-30T07:11:59.506+07:00 DEBUG 2244 --- [mtp-hr-service] [tomcat-handler-30] o.s.security.web.FilterChainProxy        : Secured GET /api/dashboard/stats
2026-06-30T07:12:15.029+07:00 DEBUG 2244 --- [mtp-hr-service] [tomcat-handler-31] o.s.security.web.FilterChainProxy        : Securing GET /api/dashboard/stats
2026-06-30T07:12:15.066+07:00 DEBUG 2244 --- [mtp-hr-service] [tomcat-handler-31] o.s.security.web.FilterChainProxy        : Secured GET /api/dashboard/stats
2026-06-30T07:12:30.821+07:00 DEBUG 2244 --- [mtp-hr-service] [tomcat-handler-32] o.s.security.web.FilterChainProxy        : Securing GET /api/dashboard/stats
2026-06-30T07:12:30.857+07:00 DEBUG 2244 --- [mtp-hr-service] [tomcat-handler-32] o.s.security.web.FilterChainProxy        : Secured GET /api/dashboard/stats
2026-06-30T07:12:46.534+07:00 DEBUG 2244 --- [mtp-hr-service] [tomcat-handler-33] o.s.security.web.FilterChainProxy        : Securing GET /api/dashboard/stats
2026-06-30T07:12:46.570+07:00 DEBUG 2244 --- [mtp-hr-service] [tomcat-handler-33] o.s.security.web.FilterChainProxy        : Secured GET /api/dashboard/stats
2026-06-30T07:13:02.173+07:00 DEBUG 2244 --- [mtp-hr-service] [tomcat-handler-34] o.s.security.web.FilterChainProxy        : Securing GET /api/dashboard/stats
2026-06-30T07:13:02.246+07:00 DEBUG 2244 --- [mtp-hr-service] [tomcat-handler-34] o.s.security.web.FilterChainProxy        : Secured GET /api/dashboard/stats
2026-06-30T07:13:17.687+07:00 DEBUG 2244 --- [mtp-hr-service] [tomcat-handler-35] o.s.security.web.FilterChainProxy        : Securing GET /api/dashboard/stats
2026-06-30T07:13:17.753+07:00 DEBUG 2244 --- [mtp-hr-service] [tomcat-handler-35] o.s.security.web.FilterChainProxy        : Secured GET /api/dashboard/stats
2026-06-30T07:13:33.520+07:00 DEBUG 2244 --- [mtp-hr-service] [tomcat-handler-36] o.s.security.web.FilterChainProxy        : Securing GET /api/dashboard/stats
2026-06-30T07:13:33.552+07:00 DEBUG 2244 --- [mtp-hr-service] [tomcat-handler-36] o.s.security.web.FilterChainProxy        : Secured GET /api/dashboard/stats
2026-06-30T07:13:48.901+07:00 DEBUG 2244 --- [mtp-hr-service] [tomcat-handler-37] o.s.security.web.FilterChainProxy        : Securing GET /api/dashboard/stats
2026-06-30T07:13:48.941+07:00 DEBUG 2244 --- [mtp-hr-service] [tomcat-handler-37] o.s.security.web.FilterChainProxy        : Secured GET /api/dashboard/stats
2026-06-30T07:14:04.533+07:00 DEBUG 2244 --- [mtp-hr-service] [tomcat-handler-38] o.s.security.web.FilterChainProxy        : Securing GET /api/dashboard/stats
2026-06-30T07:14:04.579+07:00 DEBUG 2244 --- [mtp-hr-service] [tomcat-handler-38] o.s.security.web.FilterChainProxy        : Secured GET /api/dashboard/stats
2026-06-30T07:14:19.924+07:00 DEBUG 2244 --- [mtp-hr-service] [tomcat-handler-39] o.s.security.web.FilterChainProxy        : Securing GET /api/dashboard/stats
2026-06-30T07:14:19.960+07:00 DEBUG 2244 --- [mtp-hr-service] [tomcat-handler-39] o.s.security.web.FilterChainProxy        : Secured GET /api/dashboard/stats
2026-06-30T07:14:35.856+07:00 DEBUG 2244 --- [mtp-hr-service] [tomcat-handler-40] o.s.security.web.FilterChainProxy        : Securing GET /api/dashboard/stats
2026-06-30T07:14:35.905+07:00 DEBUG 2244 --- [mtp-hr-service] [tomcat-handler-40] o.s.security.web.FilterChainProxy        : Secured GET /api/dashboard/stats
2026-06-30T07:14:51.574+07:00 DEBUG 2244 --- [mtp-hr-service] [tomcat-handler-41] o.s.security.web.FilterChainProxy        : Securing GET /api/dashboard/stats
2026-06-30T07:14:51.620+07:00 DEBUG 2244 --- [mtp-hr-service] [tomcat-handler-41] o.s.security.web.FilterChainProxy        : Secured GET /api/dashboard/stats
2026-06-30T07:15:07.361+07:00 DEBUG 2244 --- [mtp-hr-service] [tomcat-handler-42] o.s.security.web.FilterChainProxy        : Securing GET /api/dashboard/stats
2026-06-30T07:15:07.413+07:00 DEBUG 2244 --- [mtp-hr-service] [tomcat-handler-42] o.s.security.web.FilterChainProxy        : Secured GET /api/dashboard/stats
2026-06-30T07:15:23.070+07:00 DEBUG 2244 --- [mtp-hr-service] [tomcat-handler-43] o.s.security.web.FilterChainProxy        : Securing GET /api/dashboard/stats
2026-06-30T07:15:23.118+07:00 DEBUG 2244 --- [mtp-hr-service] [tomcat-handler-43] o.s.security.web.FilterChainProxy        : Secured GET /api/dashboard/stats
2026-06-30T07:15:39.006+07:00 DEBUG 2244 --- [mtp-hr-service] [tomcat-handler-44] o.s.security.web.FilterChainProxy        : Securing GET /api/dashboard/stats
2026-06-30T07:15:39.058+07:00 DEBUG 2244 --- [mtp-hr-service] [tomcat-handler-44] o.s.security.web.FilterChainProxy        : Secured GET /api/dashboard/stats
2026-06-30T07:15:50.452+07:00  INFO 2244 --- [mtp-hr-service] [AsyncResolver-bootstrap-executor-%d] c.n.d.s.r.aws.ConfigClusterResolver      : Resolving eureka endpoints via configuration
2026-06-30T07:15:54.710+07:00 DEBUG 2244 --- [mtp-hr-service] [tomcat-handler-45] o.s.security.web.FilterChainProxy        : Securing GET /api/dashboard/stats
2026-06-30T07:15:54.757+07:00 DEBUG 2244 --- [mtp-hr-service] [tomcat-handler-45] o.s.security.web.FilterChainProxy        : Secured GET /api/dashboard/stats
2026-06-30T07:16:10.326+07:00 DEBUG 2244 --- [mtp-hr-service] [tomcat-handler-46] o.s.security.web.FilterChainProxy        : Securing GET /api/dashboard/stats
2026-06-30T07:16:10.390+07:00 DEBUG 2244 --- [mtp-hr-service] [tomcat-handler-46] o.s.security.web.FilterChainProxy        : Secured GET /api/dashboard/stats
2026-06-30T07:16:26.060+07:00 DEBUG 2244 --- [mtp-hr-service] [tomcat-handler-47] o.s.security.web.FilterChainProxy        : Securing GET /api/dashboard/stats
2026-06-30T07:16:26.101+07:00 DEBUG 2244 --- [mtp-hr-service] [tomcat-handler-47] o.s.security.web.FilterChainProxy        : Secured GET /api/dashboard/stats
2026-06-30T07:16:41.687+07:00 DEBUG 2244 --- [mtp-hr-service] [tomcat-handler-48] o.s.security.web.FilterChainProxy        : Securing GET /api/dashboard/stats
2026-06-30T07:16:41.809+07:00 DEBUG 2244 --- [mtp-hr-service] [tomcat-handler-48] o.s.security.web.FilterChainProxy        : Secured GET /api/dashboard/stats
2026-06-30T07:16:57.439+07:00 DEBUG 2244 --- [mtp-hr-service] [tomcat-handler-49] o.s.security.web.FilterChainProxy        : Securing GET /api/dashboard/stats
2026-06-30T07:16:58.744+07:00 DEBUG 2244 --- [mtp-hr-service] [tomcat-handler-49] o.s.security.web.FilterChainProxy        : Secured GET /api/dashboard/stats
2026-06-30T07:17:13.468+07:00 DEBUG 2244 --- [mtp-hr-service] [tomcat-handler-50] o.s.security.web.FilterChainProxy        : Securing GET /api/dashboard/stats
2026-06-30T07:17:13.561+07:00 DEBUG 2244 --- [mtp-hr-service] [tomcat-handler-50] o.s.security.web.FilterChainProxy        : Secured GET /api/dashboard/stats
2026-06-30T07:17:29.239+07:00 DEBUG 2244 --- [mtp-hr-service] [tomcat-handler-51] o.s.security.web.FilterChainProxy        : Securing GET /api/dashboard/stats
2026-06-30T07:17:29.293+07:00 DEBUG 2244 --- [mtp-hr-service] [tomcat-handler-51] o.s.security.web.FilterChainProxy        : Secured GET /api/dashboard/stats
2026-06-30T07:17:44.752+07:00 DEBUG 2244 --- [mtp-hr-service] [tomcat-handler-52] o.s.security.web.FilterChainProxy        : Securing GET /api/dashboard/stats
2026-06-30T07:17:44.794+07:00 DEBUG 2244 --- [mtp-hr-service] [tomcat-handler-52] o.s.security.web.FilterChainProxy        : Secured GET /api/dashboard/stats
2026-06-30T07:18:00.219+07:00 DEBUG 2244 --- [mtp-hr-service] [tomcat-handler-53] o.s.security.web.FilterChainProxy        : Securing GET /api/dashboard/stats
2026-06-30T07:18:00.268+07:00 DEBUG 2244 --- [mtp-hr-service] [tomcat-handler-53] o.s.security.web.FilterChainProxy        : Secured GET /api/dashboard/stats
2026-06-30T07:18:15.229+07:00 DEBUG 2244 --- [mtp-hr-service] [tomcat-handler-55] o.s.security.web.FilterChainProxy        : Securing GET /api/dashboard/stats
2026-06-30T07:18:15.274+07:00 DEBUG 2244 --- [mtp-hr-service] [tomcat-handler-55] o.s.security.web.FilterChainProxy        : Secured GET /api/dashboard/stats
2026-06-30T07:18:30.230+07:00 DEBUG 2244 --- [mtp-hr-service] [tomcat-handler-56] o.s.security.web.FilterChainProxy        : Securing GET /api/dashboard/stats
2026-06-30T07:18:30.286+07:00 DEBUG 2244 --- [mtp-hr-service] [tomcat-handler-56] o.s.security.web.FilterChainProxy        : Secured GET /api/dashboard/stats
2026-06-30T07:18:45.235+07:00 DEBUG 2244 --- [mtp-hr-service] [tomcat-handler-57] o.s.security.web.FilterChainProxy        : Securing GET /api/dashboard/stats
2026-06-30T07:18:45.269+07:00 DEBUG 2244 --- [mtp-hr-service] [tomcat-handler-57] o.s.security.web.FilterChainProxy        : Secured GET /api/dashboard/stats
2026-06-30T07:19:00.240+07:00 DEBUG 2244 --- [mtp-hr-service] [tomcat-handler-58] o.s.security.web.FilterChainProxy        : Securing GET /api/dashboard/stats
2026-06-30T07:19:00.278+07:00 DEBUG 2244 --- [mtp-hr-service] [tomcat-handler-58] o.s.security.web.FilterChainProxy        : Secured GET /api/dashboard/stats
2026-06-30T07:19:15.251+07:00 DEBUG 2244 --- [mtp-hr-service] [tomcat-handler-59] o.s.security.web.FilterChainProxy        : Securing GET /api/dashboard/stats
2026-06-30T07:19:15.293+07:00 DEBUG 2244 --- [mtp-hr-service] [tomcat-handler-59] o.s.security.web.FilterChainProxy        : Secured GET /api/dashboard/stats
2026-06-30T07:19:30.245+07:00 DEBUG 2244 --- [mtp-hr-service] [tomcat-handler-60] o.s.security.web.FilterChainProxy        : Securing GET /api/dashboard/stats
2026-06-30T07:19:30.297+07:00 DEBUG 2244 --- [mtp-hr-service] [tomcat-handler-60] o.s.security.web.FilterChainProxy        : Secured GET /api/dashboard/stats
2026-06-30T07:19:45.404+07:00 DEBUG 2244 --- [mtp-hr-service] [tomcat-handler-61] o.s.security.web.FilterChainProxy        : Securing GET /api/dashboard/stats
2026-06-30T07:19:45.463+07:00 DEBUG 2244 --- [mtp-hr-service] [tomcat-handler-61] o.s.security.web.FilterChainProxy        : Secured GET /api/dashboard/stats
2026-06-30T07:19:45.606+07:00 DEBUG 2244 --- [mtp-hr-service] [tomcat-handler-63] o.s.security.web.FilterChainProxy        : Securing GET /api/chat/history/user/superadmin@mloptapang.org
2026-06-30T07:19:45.619+07:00 DEBUG 2244 --- [mtp-hr-service] [tomcat-handler-66] o.s.security.web.FilterChainProxy        : Securing GET /api/chat/history/user/superadmin@mloptapang.org
2026-06-30T07:19:45.639+07:00 DEBUG 2244 --- [mtp-hr-service] [tomcat-handler-67] o.s.security.web.FilterChainProxy        : Securing GET /api/settings/APP_LOGO
2026-06-30T07:19:45.650+07:00 DEBUG 2244 --- [mtp-hr-service] [tomcat-handler-69] o.s.security.web.FilterChainProxy        : Securing GET /api/cases?status=&page=0&size=10
2026-06-30T07:19:45.650+07:00 DEBUG 2244 --- [mtp-hr-service] [tomcat-handler-68] o.s.security.web.FilterChainProxy        : Securing GET /api/clients?size=100
2026-06-30T07:19:45.716+07:00 DEBUG 2244 --- [mtp-hr-service] [tomcat-handler-63] o.s.security.web.FilterChainProxy        : Secured GET /api/chat/history/user/superadmin@mloptapang.org
2026-06-30T07:19:45.751+07:00 DEBUG 2244 --- [mtp-hr-service] [tomcat-handler-67] o.s.security.web.FilterChainProxy        : Secured GET /api/settings/APP_LOGO
2026-06-30T07:19:45.763+07:00 DEBUG 2244 --- [mtp-hr-service] [tomcat-handler-70] o.s.security.web.FilterChainProxy        : Securing GET /api/cases?size=1000
2026-06-30T07:19:45.766+07:00 DEBUG 2244 --- [mtp-hr-service] [tomcat-handler-66] o.s.security.web.FilterChainProxy        : Secured GET /api/chat/history/user/superadmin@mloptapang.org
2026-06-30T07:19:45.779+07:00 DEBUG 2244 --- [mtp-hr-service] [tomcat-handler-69] o.s.security.web.FilterChainProxy        : Secured GET /api/cases?status=&page=0&size=10
2026-06-30T07:19:45.800+07:00 DEBUG 2244 --- [mtp-hr-service] [tomcat-handler-68] o.s.security.web.FilterChainProxy        : Secured GET /api/clients?size=100
2026-06-30T07:19:45.856+07:00 DEBUG 2244 --- [mtp-hr-service] [tomcat-handler-70] o.s.security.web.FilterChainProxy        : Secured GET /api/cases?size=1000
2026-06-30T07:19:45.890+07:00  WARN 2244 --- [mtp-hr-service] [tomcat-handler-69] ration$PageModule$WarningLoggingModifier : Serializing PageImpl instances as-is is not supported, meaning that there is no guarantee about the stability of the resulting JSON structure!
	For a stable JSON structure, please use Spring Data's PagedModel (globally via @EnableSpringDataWebSupport(pageSerializationMode = VIA_DTO))
	or Spring HATEOAS and Spring Data's PagedResourcesAssembler as documented in https://docs.spring.io/spring-data/commons/reference/repositories/core-extensions.html#core.web.pageables.

2026-06-30T07:19:49.284+07:00 DEBUG 2244 --- [mtp-hr-service] [tomcat-handler-71] o.s.security.web.FilterChainProxy        : Securing GET /api/settings/APP_LOGO
2026-06-30T07:19:49.297+07:00 DEBUG 2244 --- [mtp-hr-service] [tomcat-handler-72] o.s.security.web.FilterChainProxy        : Securing GET /api/cases?status=&page=0&size=10
2026-06-30T07:19:49.308+07:00 DEBUG 2244 --- [mtp-hr-service] [tomcat-handler-73] o.s.security.web.FilterChainProxy        : Securing GET /api/clients?size=100
2026-06-30T07:19:49.314+07:00 DEBUG 2244 --- [mtp-hr-service] [tomcat-handler-74] o.s.security.web.FilterChainProxy        : Securing GET /api/cases?size=1000
2026-06-30T07:19:49.366+07:00 DEBUG 2244 --- [mtp-hr-service] [tomcat-handler-71] o.s.security.web.FilterChainProxy        : Secured GET /api/settings/APP_LOGO
2026-06-30T07:19:49.370+07:00 DEBUG 2244 --- [mtp-hr-service] [tomcat-handler-72] o.s.security.web.FilterChainProxy        : Secured GET /api/cases?status=&page=0&size=10
2026-06-30T07:19:49.376+07:00 DEBUG 2244 --- [mtp-hr-service] [tomcat-handler-73] o.s.security.web.FilterChainProxy        : Secured GET /api/clients?size=100
2026-06-30T07:19:49.383+07:00 DEBUG 2244 --- [mtp-hr-service] [tomcat-handler-74] o.s.security.web.FilterChainProxy        : Secured GET /api/cases?size=1000
2026-06-30T07:20:07.083+07:00 DEBUG 2244 --- [mtp-hr-service] [tomcat-handler-78] o.s.security.web.FilterChainProxy        : Securing GET /api/chat/history/user/superadmin@mloptapang.org
2026-06-30T07:20:07.092+07:00 DEBUG 2244 --- [mtp-hr-service] [tomcat-handler-79] o.s.security.web.FilterChainProxy        : Securing GET /api/chat/history/user/superadmin@mloptapang.org
2026-06-30T07:20:07.101+07:00 DEBUG 2244 --- [mtp-hr-service] [tomcat-handler-80] o.s.security.web.FilterChainProxy        : Securing GET /api/settings/APP_LOGO
2026-06-30T07:20:07.107+07:00 DEBUG 2244 --- [mtp-hr-service] [tomcat-handler-81] o.s.security.web.FilterChainProxy        : Securing GET /api/settings/APP_LOGO
2026-06-30T07:20:07.178+07:00 DEBUG 2244 --- [mtp-hr-service] [tomcat-handler-79] o.s.security.web.FilterChainProxy        : Secured GET /api/chat/history/user/superadmin@mloptapang.org
2026-06-30T07:20:07.178+07:00 DEBUG 2244 --- [mtp-hr-service] [tomcat-handler-78] o.s.security.web.FilterChainProxy        : Secured GET /api/chat/history/user/superadmin@mloptapang.org
2026-06-30T07:20:07.198+07:00 DEBUG 2244 --- [mtp-hr-service] [tomcat-handler-80] o.s.security.web.FilterChainProxy        : Secured GET /api/settings/APP_LOGO
2026-06-30T07:20:07.200+07:00 DEBUG 2244 --- [mtp-hr-service] [tomcat-handler-81] o.s.security.web.FilterChainProxy        : Secured GET /api/settings/APP_LOGO
2026-06-30T07:20:07.404+07:00 DEBUG 2244 --- [mtp-hr-service] [tomcat-handler-82] o.s.security.web.FilterChainProxy        : Securing GET /api/logbooks?page=0&size=10&search=
2026-06-30T07:20:07.457+07:00 DEBUG 2244 --- [mtp-hr-service] [tomcat-handler-82] o.s.security.web.FilterChainProxy        : Secured GET /api/logbooks?page=0&size=10&search=
2026-06-30T07:20:08.262+07:00  WARN 2244 --- [mtp-hr-service] [tomcat-handler-82] c.m.api.config.PerformanceMonitorAspect  : SLOW_API | LogBookController.getLogBooks(..) | 803ms — consider adding @Cacheable or pagination
2026-06-30T07:20:13.160+07:00 DEBUG 2244 --- [mtp-hr-service] [tomcat-handler-85] o.s.security.web.FilterChainProxy        : Securing GET /api/chat/history/user/superadmin@mloptapang.org
2026-06-30T07:20:13.176+07:00 DEBUG 2244 --- [mtp-hr-service] [tomcat-handler-87] o.s.security.web.FilterChainProxy        : Securing GET /api/chat/history/user/superadmin@mloptapang.org
2026-06-30T07:20:13.215+07:00 DEBUG 2244 --- [mtp-hr-service] [tomcat-handler-85] o.s.security.web.FilterChainProxy        : Secured GET /api/chat/history/user/superadmin@mloptapang.org
2026-06-30T07:20:13.224+07:00 DEBUG 2244 --- [mtp-hr-service] [tomcat-handler-87] o.s.security.web.FilterChainProxy        : Secured GET /api/chat/history/user/superadmin@mloptapang.org
2026-06-30T07:20:13.242+07:00 DEBUG 2244 --- [mtp-hr-service] [tomcat-handler-88] o.s.security.web.FilterChainProxy        : Securing GET /api/hr/attendance
2026-06-30T07:20:13.244+07:00 DEBUG 2244 --- [mtp-hr-service] [tomcat-handler-89] o.s.security.web.FilterChainProxy        : Securing GET /api/settings/APP_LOGO
2026-06-30T07:20:13.251+07:00 DEBUG 2244 --- [mtp-hr-service] [tomcat-handler-90] o.s.security.web.FilterChainProxy        : Securing GET /api/hr/leaves
2026-06-30T07:20:13.255+07:00 DEBUG 2244 --- [mtp-hr-service] [tomcat-handler-91] o.s.security.web.FilterChainProxy        : Securing GET /api/hr/payroll
2026-06-30T07:20:13.391+07:00 DEBUG 2244 --- [mtp-hr-service] [tomcat-handler-90] o.s.security.web.FilterChainProxy        : Secured GET /api/hr/leaves
2026-06-30T07:20:13.410+07:00 DEBUG 2244 --- [mtp-hr-service] [tomcat-handler-89] o.s.security.web.FilterChainProxy        : Secured GET /api/settings/APP_LOGO
2026-06-30T07:20:13.421+07:00 DEBUG 2244 --- [mtp-hr-service] [tomcat-handler-88] o.s.security.web.FilterChainProxy        : Secured GET /api/hr/attendance
2026-06-30T07:20:13.418+07:00 DEBUG 2244 --- [mtp-hr-service] [tomcat-handler-91] o.s.security.web.FilterChainProxy        : Secured GET /api/hr/payroll
2026-06-30T07:20:13.806+07:00 DEBUG 2244 --- [mtp-hr-service] [tomcat-handler-92] o.s.security.web.FilterChainProxy        : Securing GET /api/settings/APP_LOGO
2026-06-30T07:20:13.809+07:00 DEBUG 2244 --- [mtp-hr-service] [tomcat-handler-93] o.s.security.web.FilterChainProxy        : Securing GET /api/hr/attendance
2026-06-30T07:20:13.939+07:00 DEBUG 2244 --- [mtp-hr-service] [tomcat-handler-94] o.s.security.web.FilterChainProxy        : Securing GET /api/hr/leaves
2026-06-30T07:20:13.953+07:00 DEBUG 2244 --- [mtp-hr-service] [tomcat-handler-93] o.s.security.web.FilterChainProxy        : Secured GET /api/hr/attendance
2026-06-30T07:20:13.970+07:00 DEBUG 2244 --- [mtp-hr-service] [tomcat-handler-92] o.s.security.web.FilterChainProxy        : Secured GET /api/settings/APP_LOGO
2026-06-30T07:20:14.005+07:00 DEBUG 2244 --- [mtp-hr-service] [tomcat-handler-95] o.s.security.web.FilterChainProxy        : Securing GET /api/hr/payroll
2026-06-30T07:20:14.185+07:00 DEBUG 2244 --- [mtp-hr-service] [tomcat-handler-94] o.s.security.web.FilterChainProxy        : Secured GET /api/hr/leaves
2026-06-30T07:20:14.204+07:00 DEBUG 2244 --- [mtp-hr-service] [tomcat-handler-95] o.s.security.web.FilterChainProxy        : Secured GET /api/hr/payroll
2026-06-30T07:20:20.177+07:00 DEBUG 2244 --- [mtp-hr-service] [tomcat-handler-97] o.s.security.web.FilterChainProxy        : Securing GET /api/hr/leaves
2026-06-30T07:20:20.177+07:00 DEBUG 2244 --- [mtp-hr-service] [tomcat-handler-96] o.s.security.web.FilterChainProxy        : Securing GET /api/hr/attendance
2026-06-30T07:20:20.180+07:00 DEBUG 2244 --- [mtp-hr-service] [tomcat-handler-98] o.s.security.web.FilterChainProxy        : Securing GET /api/hr/payroll
2026-06-30T07:20:20.318+07:00 DEBUG 2244 --- [mtp-hr-service] [tomcat-handler-97] o.s.security.web.FilterChainProxy        : Secured GET /api/hr/leaves
2026-06-30T07:20:20.327+07:00 DEBUG 2244 --- [mtp-hr-service] [tomcat-handler-96] o.s.security.web.FilterChainProxy        : Secured GET /api/hr/attendance
2026-06-30T07:20:20.327+07:00 DEBUG 2244 --- [mtp-hr-service] [tomcat-handler-98] o.s.security.web.FilterChainProxy        : Secured GET /api/hr/payroll
2026-06-30T07:20:22.537+07:00 DEBUG 2244 --- [mtp-hr-service] [tomcat-handler-99] o.s.security.web.FilterChainProxy        : Securing GET /api/hr/analytics/stats
2026-06-30T07:20:22.553+07:00 DEBUG 2244 --- [mtp-hr-service] [tomcat-handler-100] o.s.security.web.FilterChainProxy        : Securing GET /api/hr/analytics/demographics
2026-06-30T07:20:22.555+07:00 DEBUG 2244 --- [mtp-hr-service] [tomcat-handler-103] o.s.security.web.FilterChainProxy        : Securing GET /api/placements/stats
2026-06-30T07:20:22.555+07:00 DEBUG 2244 --- [mtp-hr-service] [tomcat-handler-102] o.s.security.web.FilterChainProxy        : Securing GET /api/vacancies?page=0&size=100
2026-06-30T07:20:22.555+07:00 DEBUG 2244 --- [mtp-hr-service] [tomcat-handler-101] o.s.security.web.FilterChainProxy        : Securing GET /api/hr/analytics/department-distribution
2026-06-30T07:20:22.626+07:00 DEBUG 2244 --- [mtp-hr-service] [tomcat-handler-99] o.s.security.web.FilterChainProxy        : Secured GET /api/hr/analytics/stats
2026-06-30T07:20:22.638+07:00 DEBUG 2244 --- [mtp-hr-service] [tomcat-handler-100] o.s.security.web.FilterChainProxy        : Secured GET /api/hr/analytics/demographics
2026-06-30T07:20:22.638+07:00 DEBUG 2244 --- [mtp-hr-service] [tomcat-handler-101] o.s.security.web.FilterChainProxy        : Secured GET /api/hr/analytics/department-distribution
2026-06-30T07:20:22.642+07:00 DEBUG 2244 --- [mtp-hr-service] [tomcat-handler-103] o.s.security.web.FilterChainProxy        : Secured GET /api/placements/stats
2026-06-30T07:20:22.669+07:00 DEBUG 2244 --- [mtp-hr-service] [tomcat-handler-102] o.s.security.web.FilterChainProxy        : Secured GET /api/vacancies?page=0&size=100
2026-06-30T07:20:22.719+07:00 DEBUG 2244 --- [mtp-hr-service] [tomcat-handler-104] o.s.security.web.FilterChainProxy        : Securing GET /api/hr/analytics/stats
2026-06-30T07:20:22.722+07:00 DEBUG 2244 --- [mtp-hr-service] [tomcat-handler-106] o.s.security.web.FilterChainProxy        : Securing GET /api/hr/analytics/demographics
2026-06-30T07:20:22.722+07:00 DEBUG 2244 --- [mtp-hr-service] [tomcat-handler-105] o.s.security.web.FilterChainProxy        : Securing GET /api/hr/analytics/department-distribution
2026-06-30T07:20:22.774+07:00 DEBUG 2244 --- [mtp-hr-service] [tomcat-handler-107] o.s.security.web.FilterChainProxy        : Securing GET /api/vacancies?page=0&size=100
2026-06-30T07:20:22.810+07:00 DEBUG 2244 --- [mtp-hr-service] [tomcat-handler-104] o.s.security.web.FilterChainProxy        : Secured GET /api/hr/analytics/stats
2026-06-30T07:20:22.817+07:00 DEBUG 2244 --- [mtp-hr-service] [tomcat-handler-106] o.s.security.web.FilterChainProxy        : Secured GET /api/hr/analytics/demographics
2026-06-30T07:20:22.849+07:00 DEBUG 2244 --- [mtp-hr-service] [tomcat-handler-108] o.s.security.web.FilterChainProxy        : Securing GET /api/placements/stats
2026-06-30T07:20:22.864+07:00 DEBUG 2244 --- [mtp-hr-service] [tomcat-handler-107] o.s.security.web.FilterChainProxy        : Secured GET /api/vacancies?page=0&size=100
2026-06-30T07:20:22.907+07:00 DEBUG 2244 --- [mtp-hr-service] [tomcat-handler-108] o.s.security.web.FilterChainProxy        : Secured GET /api/placements/stats
2026-06-30T07:20:23.495+07:00 DEBUG 2244 --- [mtp-hr-service] [tomcat-handler-105] o.s.security.web.FilterChainProxy        : Secured GET /api/hr/analytics/department-distribution
2026-06-30T07:20:23.536+07:00  WARN 2244 --- [mtp-hr-service] [tomcat-handler-107] c.m.api.config.PerformanceMonitorAspect  : SLOW_API | VacancyController.getAllVacancies(..) | 671ms — consider adding @Cacheable or pagination
2026-06-30T07:20:23.539+07:00  WARN 2244 --- [mtp-hr-service] [tomcat-handler-102] c.m.api.config.PerformanceMonitorAspect  : SLOW_API | VacancyController.getAllVacancies(..) | 868ms — consider adding @Cacheable or pagination
2026-06-30T07:20:23.605+07:00 DEBUG 2244 --- [mtp-hr-service] [tomcat-handler-109] o.s.security.web.FilterChainProxy        : Securing GET /api/clients?page=0&size=100
2026-06-30T07:20:23.610+07:00 DEBUG 2244 --- [mtp-hr-service] [tomcat-handler-110] o.s.security.web.FilterChainProxy        : Securing GET /api/placements?page=0&size=100
2026-06-30T07:20:23.615+07:00 DEBUG 2244 --- [mtp-hr-service] [tomcat-handler-111] o.s.security.web.FilterChainProxy        : Securing GET /api/employers?page=0&size=100
2026-06-30T07:20:23.618+07:00 DEBUG 2244 --- [mtp-hr-service] [tomcat-handler-112] o.s.security.web.FilterChainProxy        : Securing GET /api/lookups/positions
2026-06-30T07:20:23.638+07:00 DEBUG 2244 --- [mtp-hr-service] [tomcat-handler-113] o.s.security.web.FilterChainProxy        : Securing GET /api/lookups/departments
2026-06-30T07:20:23.737+07:00 DEBUG 2244 --- [mtp-hr-service] [tomcat-handler-111] o.s.security.web.FilterChainProxy        : Secured GET /api/employers?page=0&size=100
2026-06-30T07:20:23.737+07:00 DEBUG 2244 --- [mtp-hr-service] [tomcat-handler-109] o.s.security.web.FilterChainProxy        : Secured GET /api/clients?page=0&size=100
2026-06-30T07:20:23.750+07:00 DEBUG 2244 --- [mtp-hr-service] [tomcat-handler-112] o.s.security.web.FilterChainProxy        : Secured GET /api/lookups/positions
2026-06-30T07:20:23.752+07:00 DEBUG 2244 --- [mtp-hr-service] [tomcat-handler-110] o.s.security.web.FilterChainProxy        : Secured GET /api/placements?page=0&size=100
2026-06-30T07:20:23.767+07:00 DEBUG 2244 --- [mtp-hr-service] [tomcat-handler-114] o.s.security.web.FilterChainProxy        : Securing GET /api/clients?page=0&size=100
2026-06-30T07:20:23.770+07:00 DEBUG 2244 --- [mtp-hr-service] [tomcat-handler-113] o.s.security.web.FilterChainProxy        : Secured GET /api/lookups/departments
2026-06-30T07:20:23.813+07:00 DEBUG 2244 --- [mtp-hr-service] [tomcat-handler-115] o.s.security.web.FilterChainProxy        : Securing GET /api/placements?page=0&size=100
2026-06-30T07:20:23.836+07:00 DEBUG 2244 --- [mtp-hr-service] [tomcat-handler-114] o.s.security.web.FilterChainProxy        : Secured GET /api/clients?page=0&size=100
2026-06-30T07:20:23.837+07:00 DEBUG 2244 --- [mtp-hr-service] [tomcat-handler-116] o.s.security.web.FilterChainProxy        : Securing GET /api/employers?page=0&size=100
2026-06-30T07:20:23.856+07:00 DEBUG 2244 --- [mtp-hr-service] [tomcat-handler-117] o.s.security.web.FilterChainProxy        : Securing GET /api/lookups/positions
2026-06-30T07:20:23.881+07:00 DEBUG 2244 --- [mtp-hr-service] [tomcat-handler-115] o.s.security.web.FilterChainProxy        : Secured GET /api/placements?page=0&size=100
2026-06-30T07:20:23.904+07:00 DEBUG 2244 --- [mtp-hr-service] [tomcat-handler-116] o.s.security.web.FilterChainProxy        : Secured GET /api/employers?page=0&size=100
2026-06-30T07:20:23.930+07:00 DEBUG 2244 --- [mtp-hr-service] [tomcat-handler-118] o.s.security.web.FilterChainProxy        : Securing GET /api/lookups/departments
2026-06-30T07:20:23.939+07:00 DEBUG 2244 --- [mtp-hr-service] [tomcat-handler-117] o.s.security.web.FilterChainProxy        : Secured GET /api/lookups/positions
2026-06-30T07:20:23.987+07:00 DEBUG 2244 --- [mtp-hr-service] [tomcat-handler-118] o.s.security.web.FilterChainProxy        : Secured GET /api/lookups/departments
2026-06-30T07:20:24.333+07:00  WARN 2244 --- [mtp-hr-service] [tomcat-handler-110] c.m.api.config.PerformanceMonitorAspect  : SLOW_API | PlacementController.getAllPlacements(..) | 578ms — consider adding @Cacheable or pagination
2026-06-30T07:20:24.597+07:00 DEBUG 2244 --- [mtp-hr-service] [tomcat-handler-119] o.s.security.web.FilterChainProxy        : Securing GET /api/tickets
2026-06-30T07:20:24.619+07:00 DEBUG 2244 --- [mtp-hr-service] [tomcat-handler-120] o.s.security.web.FilterChainProxy        : Securing GET /api/lookups/ticket-types
2026-06-30T07:20:24.620+07:00 DEBUG 2244 --- [mtp-hr-service] [tomcat-handler-122] o.s.security.web.FilterChainProxy        : Securing GET /api/assessments
2026-06-30T07:20:24.621+07:00 DEBUG 2244 --- [mtp-hr-service] [tomcat-handler-121] o.s.security.web.FilterChainProxy        : Securing GET /api/lookups/expected-supports
2026-06-30T07:20:24.625+07:00 DEBUG 2244 --- [mtp-hr-service] [tomcat-handler-123] o.s.security.web.FilterChainProxy        : Securing GET /api/users
2026-06-30T07:20:24.746+07:00 DEBUG 2244 --- [mtp-hr-service] [tomcat-handler-122] o.s.security.web.FilterChainProxy        : Secured GET /api/assessments
2026-06-30T07:20:24.759+07:00 DEBUG 2244 --- [mtp-hr-service] [tomcat-handler-120] o.s.security.web.FilterChainProxy        : Secured GET /api/lookups/ticket-types
2026-06-30T07:20:24.779+07:00 DEBUG 2244 --- [mtp-hr-service] [tomcat-handler-119] o.s.security.web.FilterChainProxy        : Secured GET /api/tickets
2026-06-30T07:20:24.815+07:00 DEBUG 2244 --- [mtp-hr-service] [tomcat-handler-123] o.s.security.web.FilterChainProxy        : Secured GET /api/users
2026-06-30T07:20:24.817+07:00 DEBUG 2244 --- [mtp-hr-service] [tomcat-handler-123] horizationManagerBeforeMethodInterceptor : Authorizing method invocation ReflectiveMethodInvocation: public org.springframework.http.ResponseEntity com.mtp.api.controllers.UserController.getAllUsers(); target is of class [com.mtp.api.controllers.UserController]
2026-06-30T07:20:24.830+07:00 DEBUG 2244 --- [mtp-hr-service] [tomcat-handler-121] o.s.security.web.FilterChainProxy        : Secured GET /api/lookups/expected-supports
2026-06-30T07:20:24.836+07:00 DEBUG 2244 --- [mtp-hr-service] [tomcat-handler-123] horizationManagerBeforeMethodInterceptor : Authorized method invocation ReflectiveMethodInvocation: public org.springframework.http.ResponseEntity com.mtp.api.controllers.UserController.getAllUsers(); target is of class [com.mtp.api.controllers.UserController]
2026-06-30T07:20:24.853+07:00 DEBUG 2244 --- [mtp-hr-service] [tomcat-handler-124] o.s.security.web.FilterChainProxy        : Securing GET /api/employees?page=0&size=1000
2026-06-30T07:20:24.875+07:00 DEBUG 2244 --- [mtp-hr-service] [tomcat-handler-125] o.s.security.web.FilterChainProxy        : Securing GET /api/tickets
2026-06-30T07:20:24.966+07:00 DEBUG 2244 --- [mtp-hr-service] [tomcat-handler-126] o.s.security.web.FilterChainProxy        : Securing GET /api/lookups/ticket-types
2026-06-30T07:20:24.976+07:00 DEBUG 2244 --- [mtp-hr-service] [tomcat-handler-124] o.s.security.web.FilterChainProxy        : Secured GET /api/employees?page=0&size=1000
2026-06-30T07:20:24.981+07:00 DEBUG 2244 --- [mtp-hr-service] [tomcat-handler-125] o.s.security.web.FilterChainProxy        : Secured GET /api/tickets
2026-06-30T07:20:25.041+07:00 DEBUG 2244 --- [mtp-hr-service] [tomcat-handler-126] o.s.security.web.FilterChainProxy        : Secured GET /api/lookups/ticket-types
2026-06-30T07:20:25.062+07:00  INFO 2244 --- [mtp-hr-service] [tomcat-handler-124] c.m.api.controllers.EmployeeController   : Employee list fetched. Count: 6, First photo length: 101
2026-06-30T07:20:25.076+07:00 DEBUG 2244 --- [mtp-hr-service] [tomcat-handler-127] o.s.security.web.FilterChainProxy        : Securing GET /api/lookups/expected-supports
2026-06-30T07:20:25.095+07:00 DEBUG 2244 --- [mtp-hr-service] [tomcat-handler-128] o.s.security.web.FilterChainProxy        : Securing GET /api/assessments
2026-06-30T07:20:25.190+07:00 DEBUG 2244 --- [mtp-hr-service] [tomcat-handler-128] o.s.security.web.FilterChainProxy        : Secured GET /api/assessments
2026-06-30T07:20:25.204+07:00 DEBUG 2244 --- [mtp-hr-service] [tomcat-handler-127] o.s.security.web.FilterChainProxy        : Secured GET /api/lookups/expected-supports
2026-06-30T07:20:25.247+07:00 DEBUG 2244 --- [mtp-hr-service] [tomcat-handler-129] o.s.security.web.FilterChainProxy        : Securing GET /api/users
2026-06-30T07:20:25.259+07:00 DEBUG 2244 --- [mtp-hr-service] [tomcat-handler-130] o.s.security.web.FilterChainProxy        : Securing GET /api/employees?page=0&size=1000
2026-06-30T07:20:25.325+07:00 DEBUG 2244 --- [mtp-hr-service] [tomcat-handler-129] o.s.security.web.FilterChainProxy        : Secured GET /api/users
2026-06-30T07:20:25.326+07:00 DEBUG 2244 --- [mtp-hr-service] [tomcat-handler-129] horizationManagerBeforeMethodInterceptor : Authorizing method invocation ReflectiveMethodInvocation: public org.springframework.http.ResponseEntity com.mtp.api.controllers.UserController.getAllUsers(); target is of class [com.mtp.api.controllers.UserController]
2026-06-30T07:20:25.326+07:00 DEBUG 2244 --- [mtp-hr-service] [tomcat-handler-129] horizationManagerBeforeMethodInterceptor : Authorized method invocation ReflectiveMethodInvocation: public org.springframework.http.ResponseEntity com.mtp.api.controllers.UserController.getAllUsers(); target is of class [com.mtp.api.controllers.UserController]
2026-06-30T07:20:25.333+07:00 DEBUG 2244 --- [mtp-hr-service] [tomcat-handler-130] o.s.security.web.FilterChainProxy        : Secured GET /api/employees?page=0&size=1000
2026-06-30T07:20:25.799+07:00  WARN 2244 --- [mtp-hr-service] [tomcat-handler-123] c.m.api.config.PerformanceMonitorAspect  : SLOW_API | UserController.getAllUsers() | 963ms — consider adding @Cacheable or pagination
2026-06-30T07:20:26.246+07:00  WARN 2244 --- [mtp-hr-service] [tomcat-handler-129] c.m.api.config.PerformanceMonitorAspect  : SLOW_API | UserController.getAllUsers() | 919ms — consider adding @Cacheable or pagination
2026-06-30T07:20:29.983+07:00 DEBUG 2244 --- [mtp-hr-service] [tomcat-handler-131] o.s.security.web.FilterChainProxy        : Securing GET /api/hr/analytics/stats
2026-06-30T07:20:29.995+07:00 DEBUG 2244 --- [mtp-hr-service] [tomcat-handler-132] o.s.security.web.FilterChainProxy        : Securing GET /api/vacancies?page=0&size=100
2026-06-30T07:20:29.995+07:00 DEBUG 2244 --- [mtp-hr-service] [tomcat-handler-133] o.s.security.web.FilterChainProxy        : Securing GET /api/hr/analytics/demographics
2026-06-30T07:20:29.996+07:00 DEBUG 2244 --- [mtp-hr-service] [tomcat-handler-134] o.s.security.web.FilterChainProxy        : Securing GET /api/hr/analytics/department-distribution
2026-06-30T07:20:30.066+07:00 DEBUG 2244 --- [mtp-hr-service] [tomcat-handler-131] o.s.security.web.FilterChainProxy        : Secured GET /api/hr/analytics/stats
2026-06-30T07:20:30.067+07:00 DEBUG 2244 --- [mtp-hr-service] [tomcat-handler-134] o.s.security.web.FilterChainProxy        : Secured GET /api/hr/analytics/department-distribution
2026-06-30T07:20:30.069+07:00 DEBUG 2244 --- [mtp-hr-service] [tomcat-handler-133] o.s.security.web.FilterChainProxy        : Secured GET /api/hr/analytics/demographics
2026-06-30T07:20:30.092+07:00 DEBUG 2244 --- [mtp-hr-service] [tomcat-handler-132] o.s.security.web.FilterChainProxy        : Secured GET /api/vacancies?page=0&size=100
2026-06-30T07:20:30.101+07:00 DEBUG 2244 --- [mtp-hr-service] [tomcat-handler-135] o.s.security.web.FilterChainProxy        : Securing GET /api/placements/stats
2026-06-30T07:20:30.149+07:00 DEBUG 2244 --- [mtp-hr-service] [tomcat-handler-135] o.s.security.web.FilterChainProxy        : Secured GET /api/placements/stats
2026-06-30T07:20:30.236+07:00 DEBUG 2244 --- [mtp-hr-service] [tomcat-handler-136] o.s.security.web.FilterChainProxy        : Securing GET /api/clients?page=0&size=100
2026-06-30T07:20:30.241+07:00 DEBUG 2244 --- [mtp-hr-service] [tomcat-handler-137] o.s.security.web.FilterChainProxy        : Securing GET /api/placements?page=0&size=100
2026-06-30T07:20:30.245+07:00 DEBUG 2244 --- [mtp-hr-service] [tomcat-handler-138] o.s.security.web.FilterChainProxy        : Securing GET /api/employers?page=0&size=100
2026-06-30T07:20:30.246+07:00 DEBUG 2244 --- [mtp-hr-service] [tomcat-handler-139] o.s.security.web.FilterChainProxy        : Securing GET /api/lookups/positions
2026-06-30T07:20:30.304+07:00 DEBUG 2244 --- [mtp-hr-service] [tomcat-handler-136] o.s.security.web.FilterChainProxy        : Secured GET /api/clients?page=0&size=100
2026-06-30T07:20:30.315+07:00 DEBUG 2244 --- [mtp-hr-service] [tomcat-handler-137] o.s.security.web.FilterChainProxy        : Secured GET /api/placements?page=0&size=100
2026-06-30T07:20:30.315+07:00 DEBUG 2244 --- [mtp-hr-service] [tomcat-handler-138] o.s.security.web.FilterChainProxy        : Secured GET /api/employers?page=0&size=100
2026-06-30T07:20:30.317+07:00 DEBUG 2244 --- [mtp-hr-service] [tomcat-handler-139] o.s.security.web.FilterChainProxy        : Secured GET /api/lookups/positions
2026-06-30T07:20:30.333+07:00 DEBUG 2244 --- [mtp-hr-service] [tomcat-handler-140] o.s.security.web.FilterChainProxy        : Securing GET /api/lookups/departments
2026-06-30T07:20:30.382+07:00 DEBUG 2244 --- [mtp-hr-service] [tomcat-handler-140] o.s.security.web.FilterChainProxy        : Secured GET /api/lookups/departments
2026-06-30T07:20:30.521+07:00 DEBUG 2244 --- [mtp-hr-service] [tomcat-handler-141] o.s.security.web.FilterChainProxy        : Securing GET /api/tickets
2026-06-30T07:20:30.527+07:00 DEBUG 2244 --- [mtp-hr-service] [tomcat-handler-142] o.s.security.web.FilterChainProxy        : Securing GET /api/lookups/ticket-types
2026-06-30T07:20:30.530+07:00 DEBUG 2244 --- [mtp-hr-service] [tomcat-handler-143] o.s.security.web.FilterChainProxy        : Securing GET /api/lookups/expected-supports
2026-06-30T07:20:30.530+07:00 DEBUG 2244 --- [mtp-hr-service] [tomcat-handler-144] o.s.security.web.FilterChainProxy        : Securing GET /api/assessments
2026-06-30T07:20:30.614+07:00 DEBUG 2244 --- [mtp-hr-service] [tomcat-handler-142] o.s.security.web.FilterChainProxy        : Secured GET /api/lookups/ticket-types
2026-06-30T07:20:30.622+07:00 DEBUG 2244 --- [mtp-hr-service] [tomcat-handler-143] o.s.security.web.FilterChainProxy        : Secured GET /api/lookups/expected-supports
2026-06-30T07:20:30.630+07:00 DEBUG 2244 --- [mtp-hr-service] [tomcat-handler-144] o.s.security.web.FilterChainProxy        : Secured GET /api/assessments
2026-06-30T07:20:30.630+07:00 DEBUG 2244 --- [mtp-hr-service] [tomcat-handler-141] o.s.security.web.FilterChainProxy        : Secured GET /api/tickets
2026-06-30T07:20:30.636+07:00 DEBUG 2244 --- [mtp-hr-service] [tomcat-handler-145] o.s.security.web.FilterChainProxy        : Securing GET /api/users
2026-06-30T07:20:30.643+07:00 DEBUG 2244 --- [mtp-hr-service] [tomcat-handler-146] o.s.security.web.FilterChainProxy        : Securing GET /api/employees?page=0&size=1000
2026-06-30T07:20:30.712+07:00 DEBUG 2244 --- [mtp-hr-service] [tomcat-handler-145] o.s.security.web.FilterChainProxy        : Secured GET /api/users
2026-06-30T07:20:30.713+07:00 DEBUG 2244 --- [mtp-hr-service] [tomcat-handler-145] horizationManagerBeforeMethodInterceptor : Authorizing method invocation ReflectiveMethodInvocation: public org.springframework.http.ResponseEntity com.mtp.api.controllers.UserController.getAllUsers(); target is of class [com.mtp.api.controllers.UserController]
2026-06-30T07:20:30.714+07:00 DEBUG 2244 --- [mtp-hr-service] [tomcat-handler-145] horizationManagerBeforeMethodInterceptor : Authorized method invocation ReflectiveMethodInvocation: public org.springframework.http.ResponseEntity com.mtp.api.controllers.UserController.getAllUsers(); target is of class [com.mtp.api.controllers.UserController]
2026-06-30T07:20:30.716+07:00 DEBUG 2244 --- [mtp-hr-service] [tomcat-handler-146] o.s.security.web.FilterChainProxy        : Secured GET /api/employees?page=0&size=1000
2026-06-30T07:20:32.483+07:00  WARN 2244 --- [mtp-hr-service] [tomcat-handler-125] c.m.api.config.PerformanceMonitorAspect  : SLOW_API | SupportTicketController.getAll() | 7501ms — consider adding @Cacheable or pagination
2026-06-30T07:20:32.762+07:00  WARN 2244 --- [mtp-hr-service] [tomcat-handler-119] c.m.api.config.PerformanceMonitorAspect  : SLOW_API | SupportTicketController.getAll() | 7978ms — consider adding @Cacheable or pagination
2026-06-30T07:20:32.920+07:00 ERROR 2244 --- [mtp-hr-service] [tomcat-handler-125] c.m.a.exceptions.GlobalExceptionHandler  : Unhandled exception on [/api/tickets]: ServletOutputStream failed to write: java.io.IOException: An established connection was aborted by the software in your host machine

org.springframework.web.context.request.async.AsyncRequestNotUsableException: ServletOutputStream failed to write: java.io.IOException: An established connection was aborted by the software in your host machine
	at org.springframework.web.context.request.async.StandardServletAsyncWebRequest$LifecycleHttpServletResponse.handleIOException(StandardServletAsyncWebRequest.java:346) ~[spring-web-6.2.1.jar:6.2.1]
	at org.springframework.web.context.request.async.StandardServletAsyncWebRequest$LifecycleServletOutputStream.write(StandardServletAsyncWebRequest.java:404) ~[spring-web-6.2.1.jar:6.2.1]
	at org.springframework.util.StreamUtils$NonClosingOutputStream.write(StreamUtils.java:263) ~[spring-core-6.2.1.jar:6.2.1]
	at com.fasterxml.jackson.core.json.UTF8JsonGenerator._flushBuffer(UTF8JsonGenerator.java:2241) ~[jackson-core-2.18.2.jar:2.18.2]
	at com.fasterxml.jackson.core.json.UTF8JsonGenerator._writeStringSegments(UTF8JsonGenerator.java:1348) ~[jackson-core-2.18.2.jar:2.18.2]
	at com.fasterxml.jackson.core.json.UTF8JsonGenerator.writeString(UTF8JsonGenerator.java:522) ~[jackson-core-2.18.2.jar:2.18.2]
	at com.fasterxml.jackson.databind.ser.std.StringSerializer.serialize(StringSerializer.java:41) ~[jackson-databind-2.18.2.jar:2.18.2]
	at com.fasterxml.jackson.databind.ser.BeanPropertyWriter.serializeAsField(BeanPropertyWriter.java:732) ~[jackson-databind-2.18.2.jar:2.18.2]
	at com.fasterxml.jackson.databind.ser.std.BeanSerializerBase.serializeFields(BeanSerializerBase.java:770) ~[jackson-databind-2.18.2.jar:2.18.2]
	at com.fasterxml.jackson.databind.ser.BeanSerializer.serialize(BeanSerializer.java:184) ~[jackson-databind-2.18.2.jar:2.18.2]
	at com.fasterxml.jackson.databind.ser.BeanPropertyWriter.serializeAsField(BeanPropertyWriter.java:732) ~[jackson-databind-2.18.2.jar:2.18.2]
	at com.fasterxml.jackson.databind.ser.std.BeanSerializerBase.serializeFields(BeanSerializerBase.java:770) ~[jackson-databind-2.18.2.jar:2.18.2]
	at com.fasterxml.jackson.databind.ser.BeanSerializer.serialize(BeanSerializer.java:184) ~[jackson-databind-2.18.2.jar:2.18.2]
	at com.fasterxml.jackson.databind.ser.std.CollectionSerializer.serializeContents(CollectionSerializer.java:145) ~[jackson-databind-2.18.2.jar:2.18.2]
	at com.fasterxml.jackson.databind.ser.std.CollectionSerializer.serialize(CollectionSerializer.java:107) ~[jackson-databind-2.18.2.jar:2.18.2]
	at com.fasterxml.jackson.databind.ser.std.CollectionSerializer.serialize(CollectionSerializer.java:25) ~[jackson-databind-2.18.2.jar:2.18.2]
	at com.fasterxml.jackson.databind.ser.DefaultSerializerProvider._serialize(DefaultSerializerProvider.java:502) ~[jackson-databind-2.18.2.jar:2.18.2]
	at com.fasterxml.jackson.databind.ser.DefaultSerializerProvider.serializeValue(DefaultSerializerProvider.java:422) ~[jackson-databind-2.18.2.jar:2.18.2]
	at com.fasterxml.jackson.databind.ObjectWriter$Prefetch.serialize(ObjectWriter.java:1579) ~[jackson-databind-2.18.2.jar:2.18.2]
	at com.fasterxml.jackson.databind.ObjectWriter.writeValue(ObjectWriter.java:1061) ~[jackson-databind-2.18.2.jar:2.18.2]
	at org.springframework.http.converter.json.AbstractJackson2HttpMessageConverter.writeInternal(AbstractJackson2HttpMessageConverter.java:486) ~[spring-web-6.2.1.jar:6.2.1]
	at org.springframework.http.converter.AbstractGenericHttpMessageConverter.write(AbstractGenericHttpMessageConverter.java:126) ~[spring-web-6.2.1.jar:6.2.1]
	at org.springframework.web.servlet.mvc.method.annotation.AbstractMessageConverterMethodProcessor.writeWithMessageConverters(AbstractMessageConverterMethodProcessor.java:345) ~[spring-webmvc-6.2.1.jar:6.2.1]
	at org.springframework.web.servlet.mvc.method.annotation.RequestResponseBodyMethodProcessor.handleReturnValue(RequestResponseBodyMethodProcessor.java:208) ~[spring-webmvc-6.2.1.jar:6.2.1]
	at org.springframework.web.method.support.HandlerMethodReturnValueHandlerComposite.handleReturnValue(HandlerMethodReturnValueHandlerComposite.java:78) ~[spring-web-6.2.1.jar:6.2.1]
	at org.springframework.web.servlet.mvc.method.annotation.ServletInvocableHandlerMethod.invokeAndHandle(ServletInvocableHandlerMethod.java:136) ~[spring-webmvc-6.2.1.jar:6.2.1]
	at org.springframework.web.servlet.mvc.method.annotation.RequestMappingHandlerAdapter.invokeHandlerMethod(RequestMappingHandlerAdapter.java:986) ~[spring-webmvc-6.2.1.jar:6.2.1]
	at org.springframework.web.servlet.mvc.method.annotation.RequestMappingHandlerAdapter.handleInternal(RequestMappingHandlerAdapter.java:891) ~[spring-webmvc-6.2.1.jar:6.2.1]
	at org.springframework.web.servlet.mvc.method.AbstractHandlerMethodAdapter.handle(AbstractHandlerMethodAdapter.java:87) ~[spring-webmvc-6.2.1.jar:6.2.1]
	at org.springframework.web.servlet.DispatcherServlet.doDispatch(DispatcherServlet.java:1088) ~[spring-webmvc-6.2.1.jar:6.2.1]
	at org.springframework.web.servlet.DispatcherServlet.doService(DispatcherServlet.java:978) ~[spring-webmvc-6.2.1.jar:6.2.1]
	at org.springframework.web.servlet.FrameworkServlet.processRequest(FrameworkServlet.java:1014) ~[spring-webmvc-6.2.1.jar:6.2.1]
	at org.springframework.web.servlet.FrameworkServlet.doGet(FrameworkServlet.java:903) ~[spring-webmvc-6.2.1.jar:6.2.1]
	at jakarta.servlet.http.HttpServlet.service(HttpServlet.java:564) ~[tomcat-embed-core-10.1.34.jar:6.0]
	at org.springframework.web.servlet.FrameworkServlet.service(FrameworkServlet.java:885) ~[spring-webmvc-6.2.1.jar:6.2.1]
	at jakarta.servlet.http.HttpServlet.service(HttpServlet.java:658) ~[tomcat-embed-core-10.1.34.jar:6.0]
	at org.apache.catalina.core.ApplicationFilterChain.internalDoFilter(ApplicationFilterChain.java:195) ~[tomcat-embed-core-10.1.34.jar:10.1.34]
	at org.apache.catalina.core.ApplicationFilterChain.doFilter(ApplicationFilterChain.java:140) ~[tomcat-embed-core-10.1.34.jar:10.1.34]
	at org.apache.tomcat.websocket.server.WsFilter.doFilter(WsFilter.java:51) ~[tomcat-embed-websocket-10.1.34.jar:10.1.34]
	at org.apache.catalina.core.ApplicationFilterChain.internalDoFilter(ApplicationFilterChain.java:164) ~[tomcat-embed-core-10.1.34.jar:10.1.34]
	at org.apache.catalina.core.ApplicationFilterChain.doFilter(ApplicationFilterChain.java:140) ~[tomcat-embed-core-10.1.34.jar:10.1.34]
	at org.springframework.web.filter.OncePerRequestFilter.doFilter(OncePerRequestFilter.java:110) ~[spring-web-6.2.1.jar:6.2.1]
	at org.apache.catalina.core.ApplicationFilterChain.internalDoFilter(ApplicationFilterChain.java:164) ~[tomcat-embed-core-10.1.34.jar:10.1.34]
	at org.apache.catalina.core.ApplicationFilterChain.doFilter(ApplicationFilterChain.java:140) ~[tomcat-embed-core-10.1.34.jar:10.1.34]
	at org.springframework.web.filter.OncePerRequestFilter.doFilter(OncePerRequestFilter.java:110) ~[spring-web-6.2.1.jar:6.2.1]
	at org.apache.catalina.core.ApplicationFilterChain.internalDoFilter(ApplicationFilterChain.java:164) ~[tomcat-embed-core-10.1.34.jar:10.1.34]
	at org.apache.catalina.core.ApplicationFilterChain.doFilter(ApplicationFilterChain.java:140) ~[tomcat-embed-core-10.1.34.jar:10.1.34]
	at org.springframework.web.filter.CompositeFilter$VirtualFilterChain.doFilter(CompositeFilter.java:108) ~[spring-web-6.2.1.jar:6.2.1]
	at org.springframework.security.web.FilterChainProxy.lambda$doFilterInternal$3(FilterChainProxy.java:231) ~[spring-security-web-6.4.2.jar:6.4.2]
	at org.springframework.security.web.ObservationFilterChainDecorator$FilterObservation$SimpleFilterObservation.lambda$wrap$1(ObservationFilterChainDecorator.java:479) ~[spring-security-web-6.4.2.jar:6.4.2]
	at org.springframework.security.web.ObservationFilterChainDecorator$AroundFilterObservation$SimpleAroundFilterObservation.lambda$wrap$1(ObservationFilterChainDecorator.java:340) ~[spring-security-web-6.4.2.jar:6.4.2]
	at org.springframework.security.web.ObservationFilterChainDecorator.lambda$wrapSecured$0(ObservationFilterChainDecorator.java:82) ~[spring-security-web-6.4.2.jar:6.4.2]
	at org.springframework.security.web.ObservationFilterChainDecorator$VirtualFilterChain.doFilter(ObservationFilterChainDecorator.java:128) ~[spring-security-web-6.4.2.jar:6.4.2]
	at org.springframework.security.web.access.intercept.AuthorizationFilter.doFilter(AuthorizationFilter.java:101) ~[spring-security-web-6.4.2.jar:6.4.2]
	at org.springframework.security.web.ObservationFilterChainDecorator$ObservationFilter.wrapFilter(ObservationFilterChainDecorator.java:240) ~[spring-security-web-6.4.2.jar:6.4.2]
	at org.springframework.security.web.ObservationFilterChainDecorator$ObservationFilter.doFilter(ObservationFilterChainDecorator.java:227) ~[spring-security-web-6.4.2.jar:6.4.2]
	at org.springframework.security.web.ObservationFilterChainDecorator$VirtualFilterChain.doFilter(ObservationFilterChainDecorator.java:137) ~[spring-security-web-6.4.2.jar:6.4.2]
	at org.springframework.security.web.access.ExceptionTranslationFilter.doFilter(ExceptionTranslationFilter.java:126) ~[spring-security-web-6.4.2.jar:6.4.2]
	at org.springframework.security.web.access.ExceptionTranslationFilter.doFilter(ExceptionTranslationFilter.java:120) ~[spring-security-web-6.4.2.jar:6.4.2]
	at org.springframework.security.web.ObservationFilterChainDecorator$ObservationFilter.wrapFilter(ObservationFilterChainDecorator.java:240) ~[spring-security-web-6.4.2.jar:6.4.2]
	at org.springframework.security.web.ObservationFilterChainDecorator$ObservationFilter.doFilter(ObservationFilterChainDecorator.java:227) ~[spring-security-web-6.4.2.jar:6.4.2]
	at org.springframework.security.web.ObservationFilterChainDecorator$VirtualFilterChain.doFilter(ObservationFilterChainDecorator.java:137) ~[spring-security-web-6.4.2.jar:6.4.2]
	at org.springframework.security.web.session.SessionManagementFilter.doFilter(SessionManagementFilter.java:131) ~[spring-security-web-6.4.2.jar:6.4.2]
	at org.springframework.security.web.session.SessionManagementFilter.doFilter(SessionManagementFilter.java:85) ~[spring-security-web-6.4.2.jar:6.4.2]
	at org.springframework.security.web.ObservationFilterChainDecorator$ObservationFilter.wrapFilter(ObservationFilterChainDecorator.java:240) ~[spring-security-web-6.4.2.jar:6.4.2]
	at org.springframework.security.web.ObservationFilterChainDecorator$ObservationFilter.doFilter(ObservationFilterChainDecorator.java:227) ~[spring-security-web-6.4.2.jar:6.4.2]
	at org.springframework.security.web.ObservationFilterChainDecorator$VirtualFilterChain.doFilter(ObservationFilterChainDecorator.java:137) ~[spring-security-web-6.4.2.jar:6.4.2]
	at org.springframework.security.web.authentication.AnonymousAuthenticationFilter.doFilter(AnonymousAuthenticationFilter.java:100) ~[spring-security-web-6.4.2.jar:6.4.2]
	at org.springframework.security.web.ObservationFilterChainDecorator$ObservationFilter.wrapFilter(ObservationFilterChainDecorator.java:240) ~[spring-security-web-6.4.2.jar:6.4.2]
	at org.springframework.security.web.ObservationFilterChainDecorator$ObservationFilter.doFilter(ObservationFilterChainDecorator.java:227) ~[spring-security-web-6.4.2.jar:6.4.2]
	at org.springframework.security.web.ObservationFilterChainDecorator$VirtualFilterChain.doFilter(ObservationFilterChainDecorator.java:137) ~[spring-security-web-6.4.2.jar:6.4.2]
	at org.springframework.security.web.servletapi.SecurityContextHolderAwareRequestFilter.doFilter(SecurityContextHolderAwareRequestFilter.java:179) ~[spring-security-web-6.4.2.jar:6.4.2]
	at org.springframework.security.web.ObservationFilterChainDecorator$ObservationFilter.wrapFilter(ObservationFilterChainDecorator.java:240) ~[spring-security-web-6.4.2.jar:6.4.2]
	at org.springframework.security.web.ObservationFilterChainDecorator$ObservationFilter.doFilter(ObservationFilterChainDecorator.java:227) ~[spring-security-web-6.4.2.jar:6.4.2]
	at org.springframework.security.web.ObservationFilterChainDecorator$VirtualFilterChain.doFilter(ObservationFilterChainDecorator.java:137) ~[spring-security-web-6.4.2.jar:6.4.2]
	at org.springframework.security.web.savedrequest.RequestCacheAwareFilter.doFilter(RequestCacheAwareFilter.java:63) ~[spring-security-web-6.4.2.jar:6.4.2]
	at org.springframework.security.web.ObservationFilterChainDecorator$ObservationFilter.wrapFilter(ObservationFilterChainDecorator.java:240) ~[spring-security-web-6.4.2.jar:6.4.2]
	at org.springframework.security.web.ObservationFilterChainDecorator$ObservationFilter.doFilter(ObservationFilterChainDecorator.java:227) ~[spring-security-web-6.4.2.jar:6.4.2]
	at org.springframework.security.web.ObservationFilterChainDecorator$VirtualFilterChain.doFilter(ObservationFilterChainDecorator.java:137) ~[spring-security-web-6.4.2.jar:6.4.2]
	at com.mtp.api.security.JwtRequestFilter.doFilterInternal(JwtRequestFilter.java:66) ~[main/:na]
	at org.springframework.web.filter.OncePerRequestFilter.doFilter(OncePerRequestFilter.java:116) ~[spring-web-6.2.1.jar:6.2.1]
	at org.springframework.security.web.ObservationFilterChainDecorator$ObservationFilter.wrapFilter(ObservationFilterChainDecorator.java:240) ~[spring-security-web-6.4.2.jar:6.4.2]
	at org.springframework.security.web.ObservationFilterChainDecorator$ObservationFilter.doFilter(ObservationFilterChainDecorator.java:227) ~[spring-security-web-6.4.2.jar:6.4.2]
	at org.springframework.security.web.ObservationFilterChainDecorator$VirtualFilterChain.doFilter(ObservationFilterChainDecorator.java:137) ~[spring-security-web-6.4.2.jar:6.4.2]
	at com.mtp.api.security.RateLimitFilter.doFilterInternal(RateLimitFilter.java:69) ~[main/:na]
	at org.springframework.web.filter.OncePerRequestFilter.doFilter(OncePerRequestFilter.java:116) ~[spring-web-6.2.1.jar:6.2.1]
	at org.springframework.security.web.ObservationFilterChainDecorator$ObservationFilter.wrapFilter(ObservationFilterChainDecorator.java:240) ~[spring-security-web-6.4.2.jar:6.4.2]
	at org.springframework.security.web.ObservationFilterChainDecorator$ObservationFilter.doFilter(ObservationFilterChainDecorator.java:227) ~[spring-security-web-6.4.2.jar:6.4.2]
	at org.springframework.security.web.ObservationFilterChainDecorator$VirtualFilterChain.doFilter(ObservationFilterChainDecorator.java:137) ~[spring-security-web-6.4.2.jar:6.4.2]
	at org.springframework.security.web.authentication.logout.LogoutFilter.doFilter(LogoutFilter.java:107) ~[spring-security-web-6.4.2.jar:6.4.2]
	at org.springframework.security.web.authentication.logout.LogoutFilter.doFilter(LogoutFilter.java:93) ~[spring-security-web-6.4.2.jar:6.4.2]
	at org.springframework.security.web.ObservationFilterChainDecorator$ObservationFilter.wrapFilter(ObservationFilterChainDecorator.java:240) ~[spring-security-web-6.4.2.jar:6.4.2]
	at org.springframework.security.web.ObservationFilterChainDecorator$ObservationFilter.doFilter(ObservationFilterChainDecorator.java:227) ~[spring-security-web-6.4.2.jar:6.4.2]
	at org.springframework.security.web.ObservationFilterChainDecorator$VirtualFilterChain.doFilter(ObservationFilterChainDecorator.java:137) ~[spring-security-web-6.4.2.jar:6.4.2]
	at org.springframework.web.filter.CorsFilter.doFilterInternal(CorsFilter.java:91) ~[spring-web-6.2.1.jar:6.2.1]
	at org.springframework.web.filter.OncePerRequestFilter.doFilter(OncePerRequestFilter.java:116) ~[spring-web-6.2.1.jar:6.2.1]
	at org.springframework.security.web.ObservationFilterChainDecorator$ObservationFilter.wrapFilter(ObservationFilterChainDecorator.java:240) ~[spring-security-web-6.4.2.jar:6.4.2]
	at org.springframework.security.web.ObservationFilterChainDecorator$ObservationFilter.doFilter(ObservationFilterChainDecorator.java:227) ~[spring-security-web-6.4.2.jar:6.4.2]
	at org.springframework.security.web.ObservationFilterChainDecorator$VirtualFilterChain.doFilter(ObservationFilterChainDecorator.java:137) ~[spring-security-web-6.4.2.jar:6.4.2]
	at org.springframework.security.web.header.HeaderWriterFilter.doHeadersAfter(HeaderWriterFilter.java:90) ~[spring-security-web-6.4.2.jar:6.4.2]
	at org.springframework.security.web.header.HeaderWriterFilter.doFilterInternal(HeaderWriterFilter.java:75) ~[spring-security-web-6.4.2.jar:6.4.2]
	at org.springframework.web.filter.OncePerRequestFilter.doFilter(OncePerRequestFilter.java:116) ~[spring-web-6.2.1.jar:6.2.1]
	at org.springframework.security.web.ObservationFilterChainDecorator$ObservationFilter.wrapFilter(ObservationFilterChainDecorator.java:240) ~[spring-security-web-6.4.2.jar:6.4.2]
	at org.springframework.security.web.ObservationFilterChainDecorator$ObservationFilter.doFilter(ObservationFilterChainDecorator.java:227) ~[spring-security-web-6.4.2.jar:6.4.2]
	at org.springframework.security.web.ObservationFilterChainDecorator$VirtualFilterChain.doFilter(ObservationFilterChainDecorator.java:137) ~[spring-security-web-6.4.2.jar:6.4.2]
	at org.springframework.security.web.context.SecurityContextHolderFilter.doFilter(SecurityContextHolderFilter.java:82) ~[spring-security-web-6.4.2.jar:6.4.2]
	at org.springframework.security.web.context.SecurityContextHolderFilter.doFilter(SecurityContextHolderFilter.java:69) ~[spring-security-web-6.4.2.jar:6.4.2]
	at org.springframework.security.web.ObservationFilterChainDecorator$ObservationFilter.wrapFilter(ObservationFilterChainDecorator.java:240) ~[spring-security-web-6.4.2.jar:6.4.2]
	at org.springframework.security.web.ObservationFilterChainDecorator$ObservationFilter.doFilter(ObservationFilterChainDecorator.java:227) ~[spring-security-web-6.4.2.jar:6.4.2]
	at org.springframework.security.web.ObservationFilterChainDecorator$VirtualFilterChain.doFilter(ObservationFilterChainDecorator.java:137) ~[spring-security-web-6.4.2.jar:6.4.2]
	at org.springframework.security.web.context.request.async.WebAsyncManagerIntegrationFilter.doFilterInternal(WebAsyncManagerIntegrationFilter.java:62) ~[spring-security-web-6.4.2.jar:6.4.2]
	at org.springframework.web.filter.OncePerRequestFilter.doFilter(OncePerRequestFilter.java:116) ~[spring-web-6.2.1.jar:6.2.1]
	at org.springframework.security.web.ObservationFilterChainDecorator$ObservationFilter.wrapFilter(ObservationFilterChainDecorator.java:240) ~[spring-security-web-6.4.2.jar:6.4.2]
	at org.springframework.security.web.ObservationFilterChainDecorator$ObservationFilter.doFilter(ObservationFilterChainDecorator.java:227) ~[spring-security-web-6.4.2.jar:6.4.2]
	at org.springframework.security.web.ObservationFilterChainDecorator$VirtualFilterChain.doFilter(ObservationFilterChainDecorator.java:137) ~[spring-security-web-6.4.2.jar:6.4.2]
	at org.springframework.security.web.session.DisableEncodeUrlFilter.doFilterInternal(DisableEncodeUrlFilter.java:42) ~[spring-security-web-6.4.2.jar:6.4.2]
	at org.springframework.web.filter.OncePerRequestFilter.doFilter(OncePerRequestFilter.java:116) ~[spring-web-6.2.1.jar:6.2.1]
	at org.springframework.security.web.ObservationFilterChainDecorator$ObservationFilter.wrapFilter(ObservationFilterChainDecorator.java:240) ~[spring-security-web-6.4.2.jar:6.4.2]
	at org.springframework.security.web.ObservationFilterChainDecorator$AroundFilterObservation$SimpleAroundFilterObservation.lambda$wrap$0(ObservationFilterChainDecorator.java:323) ~[spring-security-web-6.4.2.jar:6.4.2]
	at org.springframework.security.web.ObservationFilterChainDecorator$ObservationFilter.doFilter(ObservationFilterChainDecorator.java:224) ~[spring-security-web-6.4.2.jar:6.4.2]
	at org.springframework.security.web.ObservationFilterChainDecorator$VirtualFilterChain.doFilter(ObservationFilterChainDecorator.java:137) ~[spring-security-web-6.4.2.jar:6.4.2]
	at org.springframework.security.web.FilterChainProxy.doFilterInternal(FilterChainProxy.java:233) ~[spring-security-web-6.4.2.jar:6.4.2]
	at org.springframework.security.web.FilterChainProxy.doFilter(FilterChainProxy.java:191) ~[spring-security-web-6.4.2.jar:6.4.2]
	at org.springframework.web.filter.CompositeFilter$VirtualFilterChain.doFilter(CompositeFilter.java:113) ~[spring-web-6.2.1.jar:6.2.1]
	at org.springframework.web.servlet.handler.HandlerMappingIntrospector.lambda$createCacheFilter$3(HandlerMappingIntrospector.java:243) ~[spring-webmvc-6.2.1.jar:6.2.1]
	at org.springframework.web.filter.CompositeFilter$VirtualFilterChain.doFilter(CompositeFilter.java:113) ~[spring-web-6.2.1.jar:6.2.1]
	at org.springframework.web.filter.CompositeFilter.doFilter(CompositeFilter.java:74) ~[spring-web-6.2.1.jar:6.2.1]
	at org.springframework.security.config.annotation.web.configuration.WebMvcSecurityConfiguration$CompositeFilterChainProxy.doFilter(WebMvcSecurityConfiguration.java:238) ~[spring-security-config-6.4.2.jar:6.4.2]
	at org.springframework.web.filter.DelegatingFilterProxy.invokeDelegate(DelegatingFilterProxy.java:362) ~[spring-web-6.2.1.jar:6.2.1]
	at org.springframework.web.filter.DelegatingFilterProxy.doFilter(DelegatingFilterProxy.java:278) ~[spring-web-6.2.1.jar:6.2.1]
	at org.apache.catalina.core.ApplicationFilterChain.internalDoFilter(ApplicationFilterChain.java:164) ~[tomcat-embed-core-10.1.34.jar:10.1.34]
	at org.apache.catalina.core.ApplicationFilterChain.doFilter(ApplicationFilterChain.java:140) ~[tomcat-embed-core-10.1.34.jar:10.1.34]
	at org.springframework.web.filter.RequestContextFilter.doFilterInternal(RequestContextFilter.java:100) ~[spring-web-6.2.1.jar:6.2.1]
	at org.springframework.web.filter.OncePerRequestFilter.doFilter(OncePerRequestFilter.java:116) ~[spring-web-6.2.1.jar:6.2.1]
	at org.apache.catalina.core.ApplicationFilterChain.internalDoFilter(ApplicationFilterChain.java:164) ~[tomcat-embed-core-10.1.34.jar:10.1.34]
	at org.apache.catalina.core.ApplicationFilterChain.doFilter(ApplicationFilterChain.java:140) ~[tomcat-embed-core-10.1.34.jar:10.1.34]
	at org.springframework.web.filter.FormContentFilter.doFilterInternal(FormContentFilter.java:93) ~[spring-web-6.2.1.jar:6.2.1]
	at org.springframework.web.filter.OncePerRequestFilter.doFilter(OncePerRequestFilter.java:116) ~[spring-web-6.2.1.jar:6.2.1]
	at org.apache.catalina.core.ApplicationFilterChain.internalDoFilter(ApplicationFilterChain.java:164) ~[tomcat-embed-core-10.1.34.jar:10.1.34]
	at org.apache.catalina.core.ApplicationFilterChain.doFilter(ApplicationFilterChain.java:140) ~[tomcat-embed-core-10.1.34.jar:10.1.34]
	at org.springframework.web.filter.ServerHttpObservationFilter.doFilterInternal(ServerHttpObservationFilter.java:114) ~[spring-web-6.2.1.jar:6.2.1]
	at org.springframework.web.filter.OncePerRequestFilter.doFilter(OncePerRequestFilter.java:116) ~[spring-web-6.2.1.jar:6.2.1]
	at org.apache.catalina.core.ApplicationFilterChain.internalDoFilter(ApplicationFilterChain.java:164) ~[tomcat-embed-core-10.1.34.jar:10.1.34]
	at org.apache.catalina.core.ApplicationFilterChain.doFilter(ApplicationFilterChain.java:140) ~[tomcat-embed-core-10.1.34.jar:10.1.34]
	at org.springframework.web.filter.CharacterEncodingFilter.doFilterInternal(CharacterEncodingFilter.java:201) ~[spring-web-6.2.1.jar:6.2.1]
	at org.springframework.web.filter.OncePerRequestFilter.doFilter(OncePerRequestFilter.java:116) ~[spring-web-6.2.1.jar:6.2.1]
	at org.apache.catalina.core.ApplicationFilterChain.internalDoFilter(ApplicationFilterChain.java:164) ~[tomcat-embed-core-10.1.34.jar:10.1.34]
	at org.apache.catalina.core.ApplicationFilterChain.doFilter(ApplicationFilterChain.java:140) ~[tomcat-embed-core-10.1.34.jar:10.1.34]
	at org.apache.catalina.core.StandardWrapperValve.invoke(StandardWrapperValve.java:167) ~[tomcat-embed-core-10.1.34.jar:10.1.34]
	at org.apache.catalina.core.StandardContextValve.invoke(StandardContextValve.java:90) ~[tomcat-embed-core-10.1.34.jar:10.1.34]
	at org.apache.catalina.authenticator.AuthenticatorBase.invoke(AuthenticatorBase.java:483) ~[tomcat-embed-core-10.1.34.jar:10.1.34]
	at org.apache.catalina.core.StandardHostValve.invoke(StandardHostValve.java:115) ~[tomcat-embed-core-10.1.34.jar:10.1.34]
	at org.apache.catalina.valves.ErrorReportValve.invoke(ErrorReportValve.java:93) ~[tomcat-embed-core-10.1.34.jar:10.1.34]
	at org.apache.catalina.core.StandardEngineValve.invoke(StandardEngineValve.java:74) ~[tomcat-embed-core-10.1.34.jar:10.1.34]
	at org.apache.catalina.connector.CoyoteAdapter.service(CoyoteAdapter.java:344) ~[tomcat-embed-core-10.1.34.jar:10.1.34]
	at org.apache.coyote.http11.Http11Processor.service(Http11Processor.java:397) ~[tomcat-embed-core-10.1.34.jar:10.1.34]
	at org.apache.coyote.AbstractProcessorLight.process(AbstractProcessorLight.java:63) ~[tomcat-embed-core-10.1.34.jar:10.1.34]
	at org.apache.coyote.AbstractProtocol$ConnectionHandler.process(AbstractProtocol.java:905) ~[tomcat-embed-core-10.1.34.jar:10.1.34]
	at org.apache.tomcat.util.net.NioEndpoint$SocketProcessor.doRun(NioEndpoint.java:1741) ~[tomcat-embed-core-10.1.34.jar:10.1.34]
	at org.apache.tomcat.util.net.SocketProcessorBase.run(SocketProcessorBase.java:52) ~[tomcat-embed-core-10.1.34.jar:10.1.34]
	at java.base/java.lang.VirtualThread.run(VirtualThread.java:456) ~[na:na]
	Suppressed: org.springframework.web.context.request.async.AsyncRequestNotUsableException: Response not usable after response errors.
		at org.springframework.web.context.request.async.StandardServletAsyncWebRequest$LifecycleHttpServletResponse.obtainLockOrRaiseException(StandardServletAsyncWebRequest.java:338) ~[spring-web-6.2.1.jar:6.2.1]
		at org.springframework.web.context.request.async.StandardServletAsyncWebRequest$LifecycleServletOutputStream.write(StandardServletAsyncWebRequest.java:399) ~[spring-web-6.2.1.jar:6.2.1]
		at org.springframework.util.StreamUtils$NonClosingOutputStream.write(StreamUtils.java:263) ~[spring-core-6.2.1.jar:6.2.1]
		at com.fasterxml.jackson.core.json.UTF8JsonGenerator._flushBuffer(UTF8JsonGenerator.java:2241) ~[jackson-core-2.18.2.jar:2.18.2]
		at com.fasterxml.jackson.core.json.UTF8JsonGenerator.close(UTF8JsonGenerator.java:1232) ~[jackson-core-2.18.2.jar:2.18.2]
		at org.springframework.http.converter.json.AbstractJackson2HttpMessageConverter.writeInternal(AbstractJackson2HttpMessageConverter.java:455) ~[spring-web-6.2.1.jar:6.2.1]
		... 140 common frames omitted
Caused by: org.apache.catalina.connector.ClientAbortException: java.io.IOException: An established connection was aborted by the software in your host machine
	at org.apache.catalina.connector.OutputBuffer.realWriteBytes(OutputBuffer.java:346) ~[tomcat-embed-core-10.1.34.jar:10.1.34]
	at org.apache.catalina.connector.OutputBuffer.flushByteBuffer(OutputBuffer.java:781) ~[tomcat-embed-core-10.1.34.jar:10.1.34]
	at org.apache.catalina.connector.OutputBuffer.append(OutputBuffer.java:678) ~[tomcat-embed-core-10.1.34.jar:10.1.34]
	at org.apache.catalina.connector.OutputBuffer.writeBytes(OutputBuffer.java:381) ~[tomcat-embed-core-10.1.34.jar:10.1.34]
	at org.apache.catalina.connector.OutputBuffer.write(OutputBuffer.java:359) ~[tomcat-embed-core-10.1.34.jar:10.1.34]
	at org.apache.catalina.connector.CoyoteOutputStream.write(CoyoteOutputStream.java:103) ~[tomcat-embed-core-10.1.34.jar:10.1.34]
	at org.springframework.security.web.util.OnCommittedResponseWrapper$SaveContextServletOutputStream.write(OnCommittedResponseWrapper.java:639) ~[spring-security-web-6.4.2.jar:6.4.2]
	at org.springframework.web.context.request.async.StandardServletAsyncWebRequest$LifecycleServletOutputStream.write(StandardServletAsyncWebRequest.java:401) ~[spring-web-6.2.1.jar:6.2.1]
	... 159 common frames omitted
Caused by: java.io.IOException: An established connection was aborted by the software in your host machine
	at java.base/sun.nio.ch.SocketDispatcher.write0(Native Method) ~[na:na]
	at java.base/sun.nio.ch.SocketDispatcher.write(SocketDispatcher.java:57) ~[na:na]
	at java.base/sun.nio.ch.IOUtil.writeFromNativeBuffer(IOUtil.java:137) ~[na:na]
	at java.base/sun.nio.ch.IOUtil.write(IOUtil.java:102) ~[na:na]
	at java.base/sun.nio.ch.IOUtil.write(IOUtil.java:58) ~[na:na]
	at java.base/sun.nio.ch.SocketChannelImpl.implWrite(SocketChannelImpl.java:562) ~[na:na]
	at java.base/sun.nio.ch.SocketChannelImpl.write(SocketChannelImpl.java:614) ~[na:na]
	at org.apache.tomcat.util.net.NioChannel.write(NioChannel.java:122) ~[tomcat-embed-core-10.1.34.jar:10.1.34]
	at org.apache.tomcat.util.net.NioEndpoint$NioSocketWrapper.doWrite(NioEndpoint.java:1378) ~[tomcat-embed-core-10.1.34.jar:10.1.34]
	at org.apache.tomcat.util.net.SocketWrapperBase.doWrite(SocketWrapperBase.java:764) ~[tomcat-embed-core-10.1.34.jar:10.1.34]
	at org.apache.tomcat.util.net.SocketWrapperBase.writeBlocking(SocketWrapperBase.java:589) ~[tomcat-embed-core-10.1.34.jar:10.1.34]
	at org.apache.tomcat.util.net.SocketWrapperBase.write(SocketWrapperBase.java:533) ~[tomcat-embed-core-10.1.34.jar:10.1.34]
	at org.apache.coyote.http11.Http11OutputBuffer$SocketOutputBuffer.doWrite(Http11OutputBuffer.java:548) ~[tomcat-embed-core-10.1.34.jar:10.1.34]
	at org.apache.coyote.http11.filters.ChunkedOutputFilter.doWrite(ChunkedOutputFilter.java:111) ~[tomcat-embed-core-10.1.34.jar:10.1.34]
	at org.apache.coyote.http11.Http11OutputBuffer.doWrite(Http11OutputBuffer.java:193) ~[tomcat-embed-core-10.1.34.jar:10.1.34]
	at org.apache.coyote.Response.doWrite(Response.java:631) ~[tomcat-embed-core-10.1.34.jar:10.1.34]
	at org.apache.catalina.connector.OutputBuffer.realWriteBytes(OutputBuffer.java:334) ~[tomcat-embed-core-10.1.34.jar:10.1.34]
	... 166 common frames omitted

2026-06-30T07:20:32.920+07:00 ERROR 2244 --- [mtp-hr-service] [tomcat-handler-119] c.m.a.exceptions.GlobalExceptionHandler  : Unhandled exception on [/api/tickets]: ServletOutputStream failed to write: java.io.IOException: An established connection was aborted by the software in your host machine

org.springframework.web.context.request.async.AsyncRequestNotUsableException: ServletOutputStream failed to write: java.io.IOException: An established connection was aborted by the software in your host machine
	at org.springframework.web.context.request.async.StandardServletAsyncWebRequest$LifecycleHttpServletResponse.handleIOException(StandardServletAsyncWebRequest.java:346) ~[spring-web-6.2.1.jar:6.2.1]
	at org.springframework.web.context.request.async.StandardServletAsyncWebRequest$LifecycleServletOutputStream.write(StandardServletAsyncWebRequest.java:404) ~[spring-web-6.2.1.jar:6.2.1]
	at org.springframework.util.StreamUtils$NonClosingOutputStream.write(StreamUtils.java:263) ~[spring-core-6.2.1.jar:6.2.1]
	at com.fasterxml.jackson.core.json.UTF8JsonGenerator._flushBuffer(UTF8JsonGenerator.java:2241) ~[jackson-core-2.18.2.jar:2.18.2]
	at com.fasterxml.jackson.core.json.UTF8JsonGenerator._writeStringSegments(UTF8JsonGenerator.java:1348) ~[jackson-core-2.18.2.jar:2.18.2]
	at com.fasterxml.jackson.core.json.UTF8JsonGenerator.writeString(UTF8JsonGenerator.java:522) ~[jackson-core-2.18.2.jar:2.18.2]
	at com.fasterxml.jackson.databind.ser.std.StringSerializer.serialize(StringSerializer.java:41) ~[jackson-databind-2.18.2.jar:2.18.2]
	at com.fasterxml.jackson.databind.ser.BeanPropertyWriter.serializeAsField(BeanPropertyWriter.java:732) ~[jackson-databind-2.18.2.jar:2.18.2]
	at com.fasterxml.jackson.databind.ser.std.BeanSerializerBase.serializeFields(BeanSerializerBase.java:770) ~[jackson-databind-2.18.2.jar:2.18.2]
	at com.fasterxml.jackson.databind.ser.BeanSerializer.serialize(BeanSerializer.java:184) ~[jackson-databind-2.18.2.jar:2.18.2]
	at com.fasterxml.jackson.databind.ser.BeanPropertyWriter.serializeAsField(BeanPropertyWriter.java:732) ~[jackson-databind-2.18.2.jar:2.18.2]
	at com.fasterxml.jackson.databind.ser.std.BeanSerializerBase.serializeFields(BeanSerializerBase.java:770) ~[jackson-databind-2.18.2.jar:2.18.2]
	at com.fasterxml.jackson.databind.ser.BeanSerializer.serialize(BeanSerializer.java:184) ~[jackson-databind-2.18.2.jar:2.18.2]
	at com.fasterxml.jackson.databind.ser.std.CollectionSerializer.serializeContents(CollectionSerializer.java:145) ~[jackson-databind-2.18.2.jar:2.18.2]
	at com.fasterxml.jackson.databind.ser.std.CollectionSerializer.serialize(CollectionSerializer.java:107) ~[jackson-databind-2.18.2.jar:2.18.2]
	at com.fasterxml.jackson.databind.ser.std.CollectionSerializer.serialize(CollectionSerializer.java:25) ~[jackson-databind-2.18.2.jar:2.18.2]
	at com.fasterxml.jackson.databind.ser.DefaultSerializerProvider._serialize(DefaultSerializerProvider.java:502) ~[jackson-databind-2.18.2.jar:2.18.2]
	at com.fasterxml.jackson.databind.ser.DefaultSerializerProvider.serializeValue(DefaultSerializerProvider.java:422) ~[jackson-databind-2.18.2.jar:2.18.2]
	at com.fasterxml.jackson.databind.ObjectWriter$Prefetch.serialize(ObjectWriter.java:1579) ~[jackson-databind-2.18.2.jar:2.18.2]
	at com.fasterxml.jackson.databind.ObjectWriter.writeValue(ObjectWriter.java:1061) ~[jackson-databind-2.18.2.jar:2.18.2]
	at org.springframework.http.converter.json.AbstractJackson2HttpMessageConverter.writeInternal(AbstractJackson2HttpMessageConverter.java:486) ~[spring-web-6.2.1.jar:6.2.1]
	at org.springframework.http.converter.AbstractGenericHttpMessageConverter.write(AbstractGenericHttpMessageConverter.java:126) ~[spring-web-6.2.1.jar:6.2.1]
	at org.springframework.web.servlet.mvc.method.annotation.AbstractMessageConverterMethodProcessor.writeWithMessageConverters(AbstractMessageConverterMethodProcessor.java:345) ~[spring-webmvc-6.2.1.jar:6.2.1]
	at org.springframework.web.servlet.mvc.method.annotation.RequestResponseBodyMethodProcessor.handleReturnValue(RequestResponseBodyMethodProcessor.java:208) ~[spring-webmvc-6.2.1.jar:6.2.1]
	at org.springframework.web.method.support.HandlerMethodReturnValueHandlerComposite.handleReturnValue(HandlerMethodReturnValueHandlerComposite.java:78) ~[spring-web-6.2.1.jar:6.2.1]
	at org.springframework.web.servlet.mvc.method.annotation.ServletInvocableHandlerMethod.invokeAndHandle(ServletInvocableHandlerMethod.java:136) ~[spring-webmvc-6.2.1.jar:6.2.1]
	at org.springframework.web.servlet.mvc.method.annotation.RequestMappingHandlerAdapter.invokeHandlerMethod(RequestMappingHandlerAdapter.java:986) ~[spring-webmvc-6.2.1.jar:6.2.1]
	at org.springframework.web.servlet.mvc.method.annotation.RequestMappingHandlerAdapter.handleInternal(RequestMappingHandlerAdapter.java:891) ~[spring-webmvc-6.2.1.jar:6.2.1]
	at org.springframework.web.servlet.mvc.method.AbstractHandlerMethodAdapter.handle(AbstractHandlerMethodAdapter.java:87) ~[spring-webmvc-6.2.1.jar:6.2.1]
	at org.springframework.web.servlet.DispatcherServlet.doDispatch(DispatcherServlet.java:1088) ~[spring-webmvc-6.2.1.jar:6.2.1]
	at org.springframework.web.servlet.DispatcherServlet.doService(DispatcherServlet.java:978) ~[spring-webmvc-6.2.1.jar:6.2.1]
	at org.springframework.web.servlet.FrameworkServlet.processRequest(FrameworkServlet.java:1014) ~[spring-webmvc-6.2.1.jar:6.2.1]
	at org.springframework.web.servlet.FrameworkServlet.doGet(FrameworkServlet.java:903) ~[spring-webmvc-6.2.1.jar:6.2.1]
	at jakarta.servlet.http.HttpServlet.service(HttpServlet.java:564) ~[tomcat-embed-core-10.1.34.jar:6.0]
	at org.springframework.web.servlet.FrameworkServlet.service(FrameworkServlet.java:885) ~[spring-webmvc-6.2.1.jar:6.2.1]
	at jakarta.servlet.http.HttpServlet.service(HttpServlet.java:658) ~[tomcat-embed-core-10.1.34.jar:6.0]
	at org.apache.catalina.core.ApplicationFilterChain.internalDoFilter(ApplicationFilterChain.java:195) ~[tomcat-embed-core-10.1.34.jar:10.1.34]
	at org.apache.catalina.core.ApplicationFilterChain.doFilter(ApplicationFilterChain.java:140) ~[tomcat-embed-core-10.1.34.jar:10.1.34]
	at org.apache.tomcat.websocket.server.WsFilter.doFilter(WsFilter.java:51) ~[tomcat-embed-websocket-10.1.34.jar:10.1.34]
	at org.apache.catalina.core.ApplicationFilterChain.internalDoFilter(ApplicationFilterChain.java:164) ~[tomcat-embed-core-10.1.34.jar:10.1.34]
	at org.apache.catalina.core.ApplicationFilterChain.doFilter(ApplicationFilterChain.java:140) ~[tomcat-embed-core-10.1.34.jar:10.1.34]
	at org.springframework.web.filter.OncePerRequestFilter.doFilter(OncePerRequestFilter.java:110) ~[spring-web-6.2.1.jar:6.2.1]
	at org.apache.catalina.core.ApplicationFilterChain.internalDoFilter(ApplicationFilterChain.java:164) ~[tomcat-embed-core-10.1.34.jar:10.1.34]
	at org.apache.catalina.core.ApplicationFilterChain.doFilter(ApplicationFilterChain.java:140) ~[tomcat-embed-core-10.1.34.jar:10.1.34]
	at org.springframework.web.filter.OncePerRequestFilter.doFilter(OncePerRequestFilter.java:110) ~[spring-web-6.2.1.jar:6.2.1]
	at org.apache.catalina.core.ApplicationFilterChain.internalDoFilter(ApplicationFilterChain.java:164) ~[tomcat-embed-core-10.1.34.jar:10.1.34]
	at org.apache.catalina.core.ApplicationFilterChain.doFilter(ApplicationFilterChain.java:140) ~[tomcat-embed-core-10.1.34.jar:10.1.34]
	at org.springframework.web.filter.CompositeFilter$VirtualFilterChain.doFilter(CompositeFilter.java:108) ~[spring-web-6.2.1.jar:6.2.1]
	at org.springframework.security.web.FilterChainProxy.lambda$doFilterInternal$3(FilterChainProxy.java:231) ~[spring-security-web-6.4.2.jar:6.4.2]
	at org.springframework.security.web.ObservationFilterChainDecorator$FilterObservation$SimpleFilterObservation.lambda$wrap$1(ObservationFilterChainDecorator.java:479) ~[spring-security-web-6.4.2.jar:6.4.2]
	at org.springframework.security.web.ObservationFilterChainDecorator$AroundFilterObservation$SimpleAroundFilterObservation.lambda$wrap$1(ObservationFilterChainDecorator.java:340) ~[spring-security-web-6.4.2.jar:6.4.2]
	at org.springframework.security.web.ObservationFilterChainDecorator.lambda$wrapSecured$0(ObservationFilterChainDecorator.java:82) ~[spring-security-web-6.4.2.jar:6.4.2]
	at org.springframework.security.web.ObservationFilterChainDecorator$VirtualFilterChain.doFilter(ObservationFilterChainDecorator.java:128) ~[spring-security-web-6.4.2.jar:6.4.2]
	at org.springframework.security.web.access.intercept.AuthorizationFilter.doFilter(AuthorizationFilter.java:101) ~[spring-security-web-6.4.2.jar:6.4.2]
	at org.springframework.security.web.ObservationFilterChainDecorator$ObservationFilter.wrapFilter(ObservationFilterChainDecorator.java:240) ~[spring-security-web-6.4.2.jar:6.4.2]
	at org.springframework.security.web.ObservationFilterChainDecorator$ObservationFilter.doFilter(ObservationFilterChainDecorator.java:227) ~[spring-security-web-6.4.2.jar:6.4.2]
	at org.springframework.security.web.ObservationFilterChainDecorator$VirtualFilterChain.doFilter(ObservationFilterChainDecorator.java:137) ~[spring-security-web-6.4.2.jar:6.4.2]
	at org.springframework.security.web.access.ExceptionTranslationFilter.doFilter(ExceptionTranslationFilter.java:126) ~[spring-security-web-6.4.2.jar:6.4.2]
	at org.springframework.security.web.access.ExceptionTranslationFilter.doFilter(ExceptionTranslationFilter.java:120) ~[spring-security-web-6.4.2.jar:6.4.2]
	at org.springframework.security.web.ObservationFilterChainDecorator$ObservationFilter.wrapFilter(ObservationFilterChainDecorator.java:240) ~[spring-security-web-6.4.2.jar:6.4.2]
	at org.springframework.security.web.ObservationFilterChainDecorator$ObservationFilter.doFilter(ObservationFilterChainDecorator.java:227) ~[spring-security-web-6.4.2.jar:6.4.2]
	at org.springframework.security.web.ObservationFilterChainDecorator$VirtualFilterChain.doFilter(ObservationFilterChainDecorator.java:137) ~[spring-security-web-6.4.2.jar:6.4.2]
	at org.springframework.security.web.session.SessionManagementFilter.doFilter(SessionManagementFilter.java:131) ~[spring-security-web-6.4.2.jar:6.4.2]
	at org.springframework.security.web.session.SessionManagementFilter.doFilter(SessionManagementFilter.java:85) ~[spring-security-web-6.4.2.jar:6.4.2]
	at org.springframework.security.web.ObservationFilterChainDecorator$ObservationFilter.wrapFilter(ObservationFilterChainDecorator.java:240) ~[spring-security-web-6.4.2.jar:6.4.2]
	at org.springframework.security.web.ObservationFilterChainDecorator$ObservationFilter.doFilter(ObservationFilterChainDecorator.java:227) ~[spring-security-web-6.4.2.jar:6.4.2]
	at org.springframework.security.web.ObservationFilterChainDecorator$VirtualFilterChain.doFilter(ObservationFilterChainDecorator.java:137) ~[spring-security-web-6.4.2.jar:6.4.2]
	at org.springframework.security.web.authentication.AnonymousAuthenticationFilter.doFilter(AnonymousAuthenticationFilter.java:100) ~[spring-security-web-6.4.2.jar:6.4.2]
	at org.springframework.security.web.ObservationFilterChainDecorator$ObservationFilter.wrapFilter(ObservationFilterChainDecorator.java:240) ~[spring-security-web-6.4.2.jar:6.4.2]
	at org.springframework.security.web.ObservationFilterChainDecorator$ObservationFilter.doFilter(ObservationFilterChainDecorator.java:227) ~[spring-security-web-6.4.2.jar:6.4.2]
	at org.springframework.security.web.ObservationFilterChainDecorator$VirtualFilterChain.doFilter(ObservationFilterChainDecorator.java:137) ~[spring-security-web-6.4.2.jar:6.4.2]
	at org.springframework.security.web.servletapi.SecurityContextHolderAwareRequestFilter.doFilter(SecurityContextHolderAwareRequestFilter.java:179) ~[spring-security-web-6.4.2.jar:6.4.2]
	at org.springframework.security.web.ObservationFilterChainDecorator$ObservationFilter.wrapFilter(ObservationFilterChainDecorator.java:240) ~[spring-security-web-6.4.2.jar:6.4.2]
	at org.springframework.security.web.ObservationFilterChainDecorator$ObservationFilter.doFilter(ObservationFilterChainDecorator.java:227) ~[spring-security-web-6.4.2.jar:6.4.2]
	at org.springframework.security.web.ObservationFilterChainDecorator$VirtualFilterChain.doFilter(ObservationFilterChainDecorator.java:137) ~[spring-security-web-6.4.2.jar:6.4.2]
	at org.springframework.security.web.savedrequest.RequestCacheAwareFilter.doFilter(RequestCacheAwareFilter.java:63) ~[spring-security-web-6.4.2.jar:6.4.2]
	at org.springframework.security.web.ObservationFilterChainDecorator$ObservationFilter.wrapFilter(ObservationFilterChainDecorator.java:240) ~[spring-security-web-6.4.2.jar:6.4.2]
	at org.springframework.security.web.ObservationFilterChainDecorator$ObservationFilter.doFilter(ObservationFilterChainDecorator.java:227) ~[spring-security-web-6.4.2.jar:6.4.2]
	at org.springframework.security.web.ObservationFilterChainDecorator$VirtualFilterChain.doFilter(ObservationFilterChainDecorator.java:137) ~[spring-security-web-6.4.2.jar:6.4.2]
	at com.mtp.api.security.JwtRequestFilter.doFilterInternal(JwtRequestFilter.java:66) ~[main/:na]
	at org.springframework.web.filter.OncePerRequestFilter.doFilter(OncePerRequestFilter.java:116) ~[spring-web-6.2.1.jar:6.2.1]
	at org.springframework.security.web.ObservationFilterChainDecorator$ObservationFilter.wrapFilter(ObservationFilterChainDecorator.java:240) ~[spring-security-web-6.4.2.jar:6.4.2]
	at org.springframework.security.web.ObservationFilterChainDecorator$ObservationFilter.doFilter(ObservationFilterChainDecorator.java:227) ~[spring-security-web-6.4.2.jar:6.4.2]
	at org.springframework.security.web.ObservationFilterChainDecorator$VirtualFilterChain.doFilter(ObservationFilterChainDecorator.java:137) ~[spring-security-web-6.4.2.jar:6.4.2]
	at com.mtp.api.security.RateLimitFilter.doFilterInternal(RateLimitFilter.java:69) ~[main/:na]
	at org.springframework.web.filter.OncePerRequestFilter.doFilter(OncePerRequestFilter.java:116) ~[spring-web-6.2.1.jar:6.2.1]
	at org.springframework.security.web.ObservationFilterChainDecorator$ObservationFilter.wrapFilter(ObservationFilterChainDecorator.java:240) ~[spring-security-web-6.4.2.jar:6.4.2]
	at org.springframework.security.web.ObservationFilterChainDecorator$ObservationFilter.doFilter(ObservationFilterChainDecorator.java:227) ~[spring-security-web-6.4.2.jar:6.4.2]
	at org.springframework.security.web.ObservationFilterChainDecorator$VirtualFilterChain.doFilter(ObservationFilterChainDecorator.java:137) ~[spring-security-web-6.4.2.jar:6.4.2]
	at org.springframework.security.web.authentication.logout.LogoutFilter.doFilter(LogoutFilter.java:107) ~[spring-security-web-6.4.2.jar:6.4.2]
	at org.springframework.security.web.authentication.logout.LogoutFilter.doFilter(LogoutFilter.java:93) ~[spring-security-web-6.4.2.jar:6.4.2]
	at org.springframework.security.web.ObservationFilterChainDecorator$ObservationFilter.wrapFilter(ObservationFilterChainDecorator.java:240) ~[spring-security-web-6.4.2.jar:6.4.2]
	at org.springframework.security.web.ObservationFilterChainDecorator$ObservationFilter.doFilter(ObservationFilterChainDecorator.java:227) ~[spring-security-web-6.4.2.jar:6.4.2]
	at org.springframework.security.web.ObservationFilterChainDecorator$VirtualFilterChain.doFilter(ObservationFilterChainDecorator.java:137) ~[spring-security-web-6.4.2.jar:6.4.2]
	at org.springframework.web.filter.CorsFilter.doFilterInternal(CorsFilter.java:91) ~[spring-web-6.2.1.jar:6.2.1]
	at org.springframework.web.filter.OncePerRequestFilter.doFilter(OncePerRequestFilter.java:116) ~[spring-web-6.2.1.jar:6.2.1]
	at org.springframework.security.web.ObservationFilterChainDecorator$ObservationFilter.wrapFilter(ObservationFilterChainDecorator.java:240) ~[spring-security-web-6.4.2.jar:6.4.2]
	at org.springframework.security.web.ObservationFilterChainDecorator$ObservationFilter.doFilter(ObservationFilterChainDecorator.java:227) ~[spring-security-web-6.4.2.jar:6.4.2]
	at org.springframework.security.web.ObservationFilterChainDecorator$VirtualFilterChain.doFilter(ObservationFilterChainDecorator.java:137) ~[spring-security-web-6.4.2.jar:6.4.2]
	at org.springframework.security.web.header.HeaderWriterFilter.doHeadersAfter(HeaderWriterFilter.java:90) ~[spring-security-web-6.4.2.jar:6.4.2]
	at org.springframework.security.web.header.HeaderWriterFilter.doFilterInternal(HeaderWriterFilter.java:75) ~[spring-security-web-6.4.2.jar:6.4.2]
	at org.springframework.web.filter.OncePerRequestFilter.doFilter(OncePerRequestFilter.java:116) ~[spring-web-6.2.1.jar:6.2.1]
	at org.springframework.security.web.ObservationFilterChainDecorator$ObservationFilter.wrapFilter(ObservationFilterChainDecorator.java:240) ~[spring-security-web-6.4.2.jar:6.4.2]
	at org.springframework.security.web.ObservationFilterChainDecorator$ObservationFilter.doFilter(ObservationFilterChainDecorator.java:227) ~[spring-security-web-6.4.2.jar:6.4.2]
	at org.springframework.security.web.ObservationFilterChainDecorator$VirtualFilterChain.doFilter(ObservationFilterChainDecorator.java:137) ~[spring-security-web-6.4.2.jar:6.4.2]
	at org.springframework.security.web.context.SecurityContextHolderFilter.doFilter(SecurityContextHolderFilter.java:82) ~[spring-security-web-6.4.2.jar:6.4.2]
	at org.springframework.security.web.context.SecurityContextHolderFilter.doFilter(SecurityContextHolderFilter.java:69) ~[spring-security-web-6.4.2.jar:6.4.2]
	at org.springframework.security.web.ObservationFilterChainDecorator$ObservationFilter.wrapFilter(ObservationFilterChainDecorator.java:240) ~[spring-security-web-6.4.2.jar:6.4.2]
	at org.springframework.security.web.ObservationFilterChainDecorator$ObservationFilter.doFilter(ObservationFilterChainDecorator.java:227) ~[spring-security-web-6.4.2.jar:6.4.2]
	at org.springframework.security.web.ObservationFilterChainDecorator$VirtualFilterChain.doFilter(ObservationFilterChainDecorator.java:137) ~[spring-security-web-6.4.2.jar:6.4.2]
	at org.springframework.security.web.context.request.async.WebAsyncManagerIntegrationFilter.doFilterInternal(WebAsyncManagerIntegrationFilter.java:62) ~[spring-security-web-6.4.2.jar:6.4.2]
	at org.springframework.web.filter.OncePerRequestFilter.doFilter(OncePerRequestFilter.java:116) ~[spring-web-6.2.1.jar:6.2.1]
	at org.springframework.security.web.ObservationFilterChainDecorator$ObservationFilter.wrapFilter(ObservationFilterChainDecorator.java:240) ~[spring-security-web-6.4.2.jar:6.4.2]
	at org.springframework.security.web.ObservationFilterChainDecorator$ObservationFilter.doFilter(ObservationFilterChainDecorator.java:227) ~[spring-security-web-6.4.2.jar:6.4.2]
	at org.springframework.security.web.ObservationFilterChainDecorator$VirtualFilterChain.doFilter(ObservationFilterChainDecorator.java:137) ~[spring-security-web-6.4.2.jar:6.4.2]
	at org.springframework.security.web.session.DisableEncodeUrlFilter.doFilterInternal(DisableEncodeUrlFilter.java:42) ~[spring-security-web-6.4.2.jar:6.4.2]
	at org.springframework.web.filter.OncePerRequestFilter.doFilter(OncePerRequestFilter.java:116) ~[spring-web-6.2.1.jar:6.2.1]
	at org.springframework.security.web.ObservationFilterChainDecorator$ObservationFilter.wrapFilter(ObservationFilterChainDecorator.java:240) ~[spring-security-web-6.4.2.jar:6.4.2]
	at org.springframework.security.web.ObservationFilterChainDecorator$AroundFilterObservation$SimpleAroundFilterObservation.lambda$wrap$0(ObservationFilterChainDecorator.java:323) ~[spring-security-web-6.4.2.jar:6.4.2]
	at org.springframework.security.web.ObservationFilterChainDecorator$ObservationFilter.doFilter(ObservationFilterChainDecorator.java:224) ~[spring-security-web-6.4.2.jar:6.4.2]
	at org.springframework.security.web.ObservationFilterChainDecorator$VirtualFilterChain.doFilter(ObservationFilterChainDecorator.java:137) ~[spring-security-web-6.4.2.jar:6.4.2]
	at org.springframework.security.web.FilterChainProxy.doFilterInternal(FilterChainProxy.java:233) ~[spring-security-web-6.4.2.jar:6.4.2]
	at org.springframework.security.web.FilterChainProxy.doFilter(FilterChainProxy.java:191) ~[spring-security-web-6.4.2.jar:6.4.2]
	at org.springframework.web.filter.CompositeFilter$VirtualFilterChain.doFilter(CompositeFilter.java:113) ~[spring-web-6.2.1.jar:6.2.1]
	at org.springframework.web.servlet.handler.HandlerMappingIntrospector.lambda$createCacheFilter$3(HandlerMappingIntrospector.java:243) ~[spring-webmvc-6.2.1.jar:6.2.1]
	at org.springframework.web.filter.CompositeFilter$VirtualFilterChain.doFilter(CompositeFilter.java:113) ~[spring-web-6.2.1.jar:6.2.1]
	at org.springframework.web.filter.CompositeFilter.doFilter(CompositeFilter.java:74) ~[spring-web-6.2.1.jar:6.2.1]
	at org.springframework.security.config.annotation.web.configuration.WebMvcSecurityConfiguration$CompositeFilterChainProxy.doFilter(WebMvcSecurityConfiguration.java:238) ~[spring-security-config-6.4.2.jar:6.4.2]
	at org.springframework.web.filter.DelegatingFilterProxy.invokeDelegate(DelegatingFilterProxy.java:362) ~[spring-web-6.2.1.jar:6.2.1]
	at org.springframework.web.filter.DelegatingFilterProxy.doFilter(DelegatingFilterProxy.java:278) ~[spring-web-6.2.1.jar:6.2.1]
	at org.apache.catalina.core.ApplicationFilterChain.internalDoFilter(ApplicationFilterChain.java:164) ~[tomcat-embed-core-10.1.34.jar:10.1.34]
	at org.apache.catalina.core.ApplicationFilterChain.doFilter(ApplicationFilterChain.java:140) ~[tomcat-embed-core-10.1.34.jar:10.1.34]
	at org.springframework.web.filter.RequestContextFilter.doFilterInternal(RequestContextFilter.java:100) ~[spring-web-6.2.1.jar:6.2.1]
	at org.springframework.web.filter.OncePerRequestFilter.doFilter(OncePerRequestFilter.java:116) ~[spring-web-6.2.1.jar:6.2.1]
	at org.apache.catalina.core.ApplicationFilterChain.internalDoFilter(ApplicationFilterChain.java:164) ~[tomcat-embed-core-10.1.34.jar:10.1.34]
	at org.apache.catalina.core.ApplicationFilterChain.doFilter(ApplicationFilterChain.java:140) ~[tomcat-embed-core-10.1.34.jar:10.1.34]
	at org.springframework.web.filter.FormContentFilter.doFilterInternal(FormContentFilter.java:93) ~[spring-web-6.2.1.jar:6.2.1]
	at org.springframework.web.filter.OncePerRequestFilter.doFilter(OncePerRequestFilter.java:116) ~[spring-web-6.2.1.jar:6.2.1]
	at org.apache.catalina.core.ApplicationFilterChain.internalDoFilter(ApplicationFilterChain.java:164) ~[tomcat-embed-core-10.1.34.jar:10.1.34]
	at org.apache.catalina.core.ApplicationFilterChain.doFilter(ApplicationFilterChain.java:140) ~[tomcat-embed-core-10.1.34.jar:10.1.34]
	at org.springframework.web.filter.ServerHttpObservationFilter.doFilterInternal(ServerHttpObservationFilter.java:114) ~[spring-web-6.2.1.jar:6.2.1]
	at org.springframework.web.filter.OncePerRequestFilter.doFilter(OncePerRequestFilter.java:116) ~[spring-web-6.2.1.jar:6.2.1]
	at org.apache.catalina.core.ApplicationFilterChain.internalDoFilter(ApplicationFilterChain.java:164) ~[tomcat-embed-core-10.1.34.jar:10.1.34]
	at org.apache.catalina.core.ApplicationFilterChain.doFilter(ApplicationFilterChain.java:140) ~[tomcat-embed-core-10.1.34.jar:10.1.34]
	at org.springframework.web.filter.CharacterEncodingFilter.doFilterInternal(CharacterEncodingFilter.java:201) ~[spring-web-6.2.1.jar:6.2.1]
	at org.springframework.web.filter.OncePerRequestFilter.doFilter(OncePerRequestFilter.java:116) ~[spring-web-6.2.1.jar:6.2.1]
	at org.apache.catalina.core.ApplicationFilterChain.internalDoFilter(ApplicationFilterChain.java:164) ~[tomcat-embed-core-10.1.34.jar:10.1.34]
	at org.apache.catalina.core.ApplicationFilterChain.doFilter(ApplicationFilterChain.java:140) ~[tomcat-embed-core-10.1.34.jar:10.1.34]
	at org.apache.catalina.core.StandardWrapperValve.invoke(StandardWrapperValve.java:167) ~[tomcat-embed-core-10.1.34.jar:10.1.34]
	at org.apache.catalina.core.StandardContextValve.invoke(StandardContextValve.java:90) ~[tomcat-embed-core-10.1.34.jar:10.1.34]
	at org.apache.catalina.authenticator.AuthenticatorBase.invoke(AuthenticatorBase.java:483) ~[tomcat-embed-core-10.1.34.jar:10.1.34]
	at org.apache.catalina.core.StandardHostValve.invoke(StandardHostValve.java:115) ~[tomcat-embed-core-10.1.34.jar:10.1.34]
	at org.apache.catalina.valves.ErrorReportValve.invoke(ErrorReportValve.java:93) ~[tomcat-embed-core-10.1.34.jar:10.1.34]
	at org.apache.catalina.core.StandardEngineValve.invoke(StandardEngineValve.java:74) ~[tomcat-embed-core-10.1.34.jar:10.1.34]
	at org.apache.catalina.connector.CoyoteAdapter.service(CoyoteAdapter.java:344) ~[tomcat-embed-core-10.1.34.jar:10.1.34]
	at org.apache.coyote.http11.Http11Processor.service(Http11Processor.java:397) ~[tomcat-embed-core-10.1.34.jar:10.1.34]
	at org.apache.coyote.AbstractProcessorLight.process(AbstractProcessorLight.java:63) ~[tomcat-embed-core-10.1.34.jar:10.1.34]
	at org.apache.coyote.AbstractProtocol$ConnectionHandler.process(AbstractProtocol.java:905) ~[tomcat-embed-core-10.1.34.jar:10.1.34]
	at org.apache.tomcat.util.net.NioEndpoint$SocketProcessor.doRun(NioEndpoint.java:1741) ~[tomcat-embed-core-10.1.34.jar:10.1.34]
	at org.apache.tomcat.util.net.SocketProcessorBase.run(SocketProcessorBase.java:52) ~[tomcat-embed-core-10.1.34.jar:10.1.34]
	at java.base/java.lang.VirtualThread.run(VirtualThread.java:456) ~[na:na]
	Suppressed: org.springframework.web.context.request.async.AsyncRequestNotUsableException: Response not usable after response errors.
		at org.springframework.web.context.request.async.StandardServletAsyncWebRequest$LifecycleHttpServletResponse.obtainLockOrRaiseException(StandardServletAsyncWebRequest.java:338) ~[spring-web-6.2.1.jar:6.2.1]
		at org.springframework.web.context.request.async.StandardServletAsyncWebRequest$LifecycleServletOutputStream.write(StandardServletAsyncWebRequest.java:399) ~[spring-web-6.2.1.jar:6.2.1]
		at org.springframework.util.StreamUtils$NonClosingOutputStream.write(StreamUtils.java:263) ~[spring-core-6.2.1.jar:6.2.1]
		at com.fasterxml.jackson.core.json.UTF8JsonGenerator._flushBuffer(UTF8JsonGenerator.java:2241) ~[jackson-core-2.18.2.jar:2.18.2]
		at com.fasterxml.jackson.core.json.UTF8JsonGenerator.close(UTF8JsonGenerator.java:1232) ~[jackson-core-2.18.2.jar:2.18.2]
		at org.springframework.http.converter.json.AbstractJackson2HttpMessageConverter.writeInternal(AbstractJackson2HttpMessageConverter.java:455) ~[spring-web-6.2.1.jar:6.2.1]
		... 140 common frames omitted
Caused by: org.apache.catalina.connector.ClientAbortException: java.io.IOException: An established connection was aborted by the software in your host machine
	at org.apache.catalina.connector.OutputBuffer.realWriteBytes(OutputBuffer.java:346) ~[tomcat-embed-core-10.1.34.jar:10.1.34]
	at org.apache.catalina.connector.OutputBuffer.flushByteBuffer(OutputBuffer.java:781) ~[tomcat-embed-core-10.1.34.jar:10.1.34]
	at org.apache.catalina.connector.OutputBuffer.append(OutputBuffer.java:678) ~[tomcat-embed-core-10.1.34.jar:10.1.34]
	at org.apache.catalina.connector.OutputBuffer.writeBytes(OutputBuffer.java:381) ~[tomcat-embed-core-10.1.34.jar:10.1.34]
	at org.apache.catalina.connector.OutputBuffer.write(OutputBuffer.java:359) ~[tomcat-embed-core-10.1.34.jar:10.1.34]
	at org.apache.catalina.connector.CoyoteOutputStream.write(CoyoteOutputStream.java:103) ~[tomcat-embed-core-10.1.34.jar:10.1.34]
	at org.springframework.security.web.util.OnCommittedResponseWrapper$SaveContextServletOutputStream.write(OnCommittedResponseWrapper.java:639) ~[spring-security-web-6.4.2.jar:6.4.2]
	at org.springframework.web.context.request.async.StandardServletAsyncWebRequest$LifecycleServletOutputStream.write(StandardServletAsyncWebRequest.java:401) ~[spring-web-6.2.1.jar:6.2.1]
	... 159 common frames omitted
Caused by: java.io.IOException: An established connection was aborted by the software in your host machine
	at java.base/sun.nio.ch.SocketDispatcher.write0(Native Method) ~[na:na]
	at java.base/sun.nio.ch.SocketDispatcher.write(SocketDispatcher.java:57) ~[na:na]
	at java.base/sun.nio.ch.IOUtil.writeFromNativeBuffer(IOUtil.java:137) ~[na:na]
	at java.base/sun.nio.ch.IOUtil.write(IOUtil.java:102) ~[na:na]
	at java.base/sun.nio.ch.IOUtil.write(IOUtil.java:58) ~[na:na]
	at java.base/sun.nio.ch.SocketChannelImpl.implWrite(SocketChannelImpl.java:562) ~[na:na]
	at java.base/sun.nio.ch.SocketChannelImpl.write(SocketChannelImpl.java:614) ~[na:na]
	at org.apache.tomcat.util.net.NioChannel.write(NioChannel.java:122) ~[tomcat-embed-core-10.1.34.jar:10.1.34]
	at org.apache.tomcat.util.net.NioEndpoint$NioSocketWrapper.doWrite(NioEndpoint.java:1378) ~[tomcat-embed-core-10.1.34.jar:10.1.34]
	at org.apache.tomcat.util.net.SocketWrapperBase.doWrite(SocketWrapperBase.java:764) ~[tomcat-embed-core-10.1.34.jar:10.1.34]
	at org.apache.tomcat.util.net.SocketWrapperBase.writeBlocking(SocketWrapperBase.java:589) ~[tomcat-embed-core-10.1.34.jar:10.1.34]
	at org.apache.tomcat.util.net.SocketWrapperBase.write(SocketWrapperBase.java:533) ~[tomcat-embed-core-10.1.34.jar:10.1.34]
	at org.apache.coyote.http11.Http11OutputBuffer$SocketOutputBuffer.doWrite(Http11OutputBuffer.java:548) ~[tomcat-embed-core-10.1.34.jar:10.1.34]
	at org.apache.coyote.http11.filters.ChunkedOutputFilter.doWrite(ChunkedOutputFilter.java:111) ~[tomcat-embed-core-10.1.34.jar:10.1.34]
	at org.apache.coyote.http11.Http11OutputBuffer.doWrite(Http11OutputBuffer.java:193) ~[tomcat-embed-core-10.1.34.jar:10.1.34]
	at org.apache.coyote.Response.doWrite(Response.java:631) ~[tomcat-embed-core-10.1.34.jar:10.1.34]
	at org.apache.catalina.connector.OutputBuffer.realWriteBytes(OutputBuffer.java:334) ~[tomcat-embed-core-10.1.34.jar:10.1.34]
	... 166 common frames omitted

2026-06-30T07:20:37.389+07:00  WARN 2244 --- [mtp-hr-service] [tomcat-handler-141] c.m.api.config.PerformanceMonitorAspect  : SLOW_API | SupportTicketController.getAll() | 6758ms — consider adding @Cacheable or pagination
2026-06-30T07:20:37.391+07:00 ERROR 2244 --- [mtp-hr-service] [tomcat-handler-141] c.m.a.exceptions.GlobalExceptionHandler  : Unhandled exception on [/api/tickets]: ServletOutputStream failed to write: java.io.IOException: An established connection was aborted by the software in your host machine

org.springframework.web.context.request.async.AsyncRequestNotUsableException: ServletOutputStream failed to write: java.io.IOException: An established connection was aborted by the software in your host machine
	at org.springframework.web.context.request.async.StandardServletAsyncWebRequest$LifecycleHttpServletResponse.handleIOException(StandardServletAsyncWebRequest.java:346) ~[spring-web-6.2.1.jar:6.2.1]
	at org.springframework.web.context.request.async.StandardServletAsyncWebRequest$LifecycleServletOutputStream.write(StandardServletAsyncWebRequest.java:404) ~[spring-web-6.2.1.jar:6.2.1]
	at org.springframework.util.StreamUtils$NonClosingOutputStream.write(StreamUtils.java:263) ~[spring-core-6.2.1.jar:6.2.1]
	at com.fasterxml.jackson.core.json.UTF8JsonGenerator._flushBuffer(UTF8JsonGenerator.java:2241) ~[jackson-core-2.18.2.jar:2.18.2]
	at com.fasterxml.jackson.core.json.UTF8JsonGenerator._writeStringSegments(UTF8JsonGenerator.java:1348) ~[jackson-core-2.18.2.jar:2.18.2]
	at com.fasterxml.jackson.core.json.UTF8JsonGenerator.writeString(UTF8JsonGenerator.java:522) ~[jackson-core-2.18.2.jar:2.18.2]
	at com.fasterxml.jackson.databind.ser.std.StringSerializer.serialize(StringSerializer.java:41) ~[jackson-databind-2.18.2.jar:2.18.2]
	at com.fasterxml.jackson.databind.ser.BeanPropertyWriter.serializeAsField(BeanPropertyWriter.java:732) ~[jackson-databind-2.18.2.jar:2.18.2]
	at com.fasterxml.jackson.databind.ser.std.BeanSerializerBase.serializeFields(BeanSerializerBase.java:770) ~[jackson-databind-2.18.2.jar:2.18.2]
	at com.fasterxml.jackson.databind.ser.BeanSerializer.serialize(BeanSerializer.java:184) ~[jackson-databind-2.18.2.jar:2.18.2]
	at com.fasterxml.jackson.databind.ser.BeanPropertyWriter.serializeAsField(BeanPropertyWriter.java:732) ~[jackson-databind-2.18.2.jar:2.18.2]
	at com.fasterxml.jackson.databind.ser.std.BeanSerializerBase.serializeFields(BeanSerializerBase.java:770) ~[jackson-databind-2.18.2.jar:2.18.2]
	at com.fasterxml.jackson.databind.ser.BeanSerializer.serialize(BeanSerializer.java:184) ~[jackson-databind-2.18.2.jar:2.18.2]
	at com.fasterxml.jackson.databind.ser.std.CollectionSerializer.serializeContents(CollectionSerializer.java:145) ~[jackson-databind-2.18.2.jar:2.18.2]
	at com.fasterxml.jackson.databind.ser.std.CollectionSerializer.serialize(CollectionSerializer.java:107) ~[jackson-databind-2.18.2.jar:2.18.2]
	at com.fasterxml.jackson.databind.ser.std.CollectionSerializer.serialize(CollectionSerializer.java:25) ~[jackson-databind-2.18.2.jar:2.18.2]
	at com.fasterxml.jackson.databind.ser.DefaultSerializerProvider._serialize(DefaultSerializerProvider.java:502) ~[jackson-databind-2.18.2.jar:2.18.2]
	at com.fasterxml.jackson.databind.ser.DefaultSerializerProvider.serializeValue(DefaultSerializerProvider.java:422) ~[jackson-databind-2.18.2.jar:2.18.2]
	at com.fasterxml.jackson.databind.ObjectWriter$Prefetch.serialize(ObjectWriter.java:1579) ~[jackson-databind-2.18.2.jar:2.18.2]
	at com.fasterxml.jackson.databind.ObjectWriter.writeValue(ObjectWriter.java:1061) ~[jackson-databind-2.18.2.jar:2.18.2]
	at org.springframework.http.converter.json.AbstractJackson2HttpMessageConverter.writeInternal(AbstractJackson2HttpMessageConverter.java:486) ~[spring-web-6.2.1.jar:6.2.1]
	at org.springframework.http.converter.AbstractGenericHttpMessageConverter.write(AbstractGenericHttpMessageConverter.java:126) ~[spring-web-6.2.1.jar:6.2.1]
	at org.springframework.web.servlet.mvc.method.annotation.AbstractMessageConverterMethodProcessor.writeWithMessageConverters(AbstractMessageConverterMethodProcessor.java:345) ~[spring-webmvc-6.2.1.jar:6.2.1]
	at org.springframework.web.servlet.mvc.method.annotation.RequestResponseBodyMethodProcessor.handleReturnValue(RequestResponseBodyMethodProcessor.java:208) ~[spring-webmvc-6.2.1.jar:6.2.1]
	at org.springframework.web.method.support.HandlerMethodReturnValueHandlerComposite.handleReturnValue(HandlerMethodReturnValueHandlerComposite.java:78) ~[spring-web-6.2.1.jar:6.2.1]
	at org.springframework.web.servlet.mvc.method.annotation.ServletInvocableHandlerMethod.invokeAndHandle(ServletInvocableHandlerMethod.java:136) ~[spring-webmvc-6.2.1.jar:6.2.1]
	at org.springframework.web.servlet.mvc.method.annotation.RequestMappingHandlerAdapter.invokeHandlerMethod(RequestMappingHandlerAdapter.java:986) ~[spring-webmvc-6.2.1.jar:6.2.1]
	at org.springframework.web.servlet.mvc.method.annotation.RequestMappingHandlerAdapter.handleInternal(RequestMappingHandlerAdapter.java:891) ~[spring-webmvc-6.2.1.jar:6.2.1]
	at org.springframework.web.servlet.mvc.method.AbstractHandlerMethodAdapter.handle(AbstractHandlerMethodAdapter.java:87) ~[spring-webmvc-6.2.1.jar:6.2.1]
	at org.springframework.web.servlet.DispatcherServlet.doDispatch(DispatcherServlet.java:1088) ~[spring-webmvc-6.2.1.jar:6.2.1]
	at org.springframework.web.servlet.DispatcherServlet.doService(DispatcherServlet.java:978) ~[spring-webmvc-6.2.1.jar:6.2.1]
	at org.springframework.web.servlet.FrameworkServlet.processRequest(FrameworkServlet.java:1014) ~[spring-webmvc-6.2.1.jar:6.2.1]
	at org.springframework.web.servlet.FrameworkServlet.doGet(FrameworkServlet.java:903) ~[spring-webmvc-6.2.1.jar:6.2.1]
	at jakarta.servlet.http.HttpServlet.service(HttpServlet.java:564) ~[tomcat-embed-core-10.1.34.jar:6.0]
	at org.springframework.web.servlet.FrameworkServlet.service(FrameworkServlet.java:885) ~[spring-webmvc-6.2.1.jar:6.2.1]
	at jakarta.servlet.http.HttpServlet.service(HttpServlet.java:658) ~[tomcat-embed-core-10.1.34.jar:6.0]
	at org.apache.catalina.core.ApplicationFilterChain.internalDoFilter(ApplicationFilterChain.java:195) ~[tomcat-embed-core-10.1.34.jar:10.1.34]
	at org.apache.catalina.core.ApplicationFilterChain.doFilter(ApplicationFilterChain.java:140) ~[tomcat-embed-core-10.1.34.jar:10.1.34]
	at org.apache.tomcat.websocket.server.WsFilter.doFilter(WsFilter.java:51) ~[tomcat-embed-websocket-10.1.34.jar:10.1.34]
	at org.apache.catalina.core.ApplicationFilterChain.internalDoFilter(ApplicationFilterChain.java:164) ~[tomcat-embed-core-10.1.34.jar:10.1.34]
	at org.apache.catalina.core.ApplicationFilterChain.doFilter(ApplicationFilterChain.java:140) ~[tomcat-embed-core-10.1.34.jar:10.1.34]
	at org.springframework.web.filter.OncePerRequestFilter.doFilter(OncePerRequestFilter.java:110) ~[spring-web-6.2.1.jar:6.2.1]
	at org.apache.catalina.core.ApplicationFilterChain.internalDoFilter(ApplicationFilterChain.java:164) ~[tomcat-embed-core-10.1.34.jar:10.1.34]
	at org.apache.catalina.core.ApplicationFilterChain.doFilter(ApplicationFilterChain.java:140) ~[tomcat-embed-core-10.1.34.jar:10.1.34]
	at org.springframework.web.filter.OncePerRequestFilter.doFilter(OncePerRequestFilter.java:110) ~[spring-web-6.2.1.jar:6.2.1]
	at org.apache.catalina.core.ApplicationFilterChain.internalDoFilter(ApplicationFilterChain.java:164) ~[tomcat-embed-core-10.1.34.jar:10.1.34]
	at org.apache.catalina.core.ApplicationFilterChain.doFilter(ApplicationFilterChain.java:140) ~[tomcat-embed-core-10.1.34.jar:10.1.34]
	at org.springframework.web.filter.CompositeFilter$VirtualFilterChain.doFilter(CompositeFilter.java:108) ~[spring-web-6.2.1.jar:6.2.1]
	at org.springframework.security.web.FilterChainProxy.lambda$doFilterInternal$3(FilterChainProxy.java:231) ~[spring-security-web-6.4.2.jar:6.4.2]
	at org.springframework.security.web.ObservationFilterChainDecorator$FilterObservation$SimpleFilterObservation.lambda$wrap$1(ObservationFilterChainDecorator.java:479) ~[spring-security-web-6.4.2.jar:6.4.2]
	at org.springframework.security.web.ObservationFilterChainDecorator$AroundFilterObservation$SimpleAroundFilterObservation.lambda$wrap$1(ObservationFilterChainDecorator.java:340) ~[spring-security-web-6.4.2.jar:6.4.2]
	at org.springframework.security.web.ObservationFilterChainDecorator.lambda$wrapSecured$0(ObservationFilterChainDecorator.java:82) ~[spring-security-web-6.4.2.jar:6.4.2]
	at org.springframework.security.web.ObservationFilterChainDecorator$VirtualFilterChain.doFilter(ObservationFilterChainDecorator.java:128) ~[spring-security-web-6.4.2.jar:6.4.2]
	at org.springframework.security.web.access.intercept.AuthorizationFilter.doFilter(AuthorizationFilter.java:101) ~[spring-security-web-6.4.2.jar:6.4.2]
	at org.springframework.security.web.ObservationFilterChainDecorator$ObservationFilter.wrapFilter(ObservationFilterChainDecorator.java:240) ~[spring-security-web-6.4.2.jar:6.4.2]
	at org.springframework.security.web.ObservationFilterChainDecorator$ObservationFilter.doFilter(ObservationFilterChainDecorator.java:227) ~[spring-security-web-6.4.2.jar:6.4.2]
	at org.springframework.security.web.ObservationFilterChainDecorator$VirtualFilterChain.doFilter(ObservationFilterChainDecorator.java:137) ~[spring-security-web-6.4.2.jar:6.4.2]
	at org.springframework.security.web.access.ExceptionTranslationFilter.doFilter(ExceptionTranslationFilter.java:126) ~[spring-security-web-6.4.2.jar:6.4.2]
	at org.springframework.security.web.access.ExceptionTranslationFilter.doFilter(ExceptionTranslationFilter.java:120) ~[spring-security-web-6.4.2.jar:6.4.2]
	at org.springframework.security.web.ObservationFilterChainDecorator$ObservationFilter.wrapFilter(ObservationFilterChainDecorator.java:240) ~[spring-security-web-6.4.2.jar:6.4.2]
	at org.springframework.security.web.ObservationFilterChainDecorator$ObservationFilter.doFilter(ObservationFilterChainDecorator.java:227) ~[spring-security-web-6.4.2.jar:6.4.2]
	at org.springframework.security.web.ObservationFilterChainDecorator$VirtualFilterChain.doFilter(ObservationFilterChainDecorator.java:137) ~[spring-security-web-6.4.2.jar:6.4.2]
	at org.springframework.security.web.session.SessionManagementFilter.doFilter(SessionManagementFilter.java:131) ~[spring-security-web-6.4.2.jar:6.4.2]
	at org.springframework.security.web.session.SessionManagementFilter.doFilter(SessionManagementFilter.java:85) ~[spring-security-web-6.4.2.jar:6.4.2]
	at org.springframework.security.web.ObservationFilterChainDecorator$ObservationFilter.wrapFilter(ObservationFilterChainDecorator.java:240) ~[spring-security-web-6.4.2.jar:6.4.2]
	at org.springframework.security.web.ObservationFilterChainDecorator$ObservationFilter.doFilter(ObservationFilterChainDecorator.java:227) ~[spring-security-web-6.4.2.jar:6.4.2]
	at org.springframework.security.web.ObservationFilterChainDecorator$VirtualFilterChain.doFilter(ObservationFilterChainDecorator.java:137) ~[spring-security-web-6.4.2.jar:6.4.2]
	at org.springframework.security.web.authentication.AnonymousAuthenticationFilter.doFilter(AnonymousAuthenticationFilter.java:100) ~[spring-security-web-6.4.2.jar:6.4.2]
	at org.springframework.security.web.ObservationFilterChainDecorator$ObservationFilter.wrapFilter(ObservationFilterChainDecorator.java:240) ~[spring-security-web-6.4.2.jar:6.4.2]
	at org.springframework.security.web.ObservationFilterChainDecorator$ObservationFilter.doFilter(ObservationFilterChainDecorator.java:227) ~[spring-security-web-6.4.2.jar:6.4.2]
	at org.springframework.security.web.ObservationFilterChainDecorator$VirtualFilterChain.doFilter(ObservationFilterChainDecorator.java:137) ~[spring-security-web-6.4.2.jar:6.4.2]
	at org.springframework.security.web.servletapi.SecurityContextHolderAwareRequestFilter.doFilter(SecurityContextHolderAwareRequestFilter.java:179) ~[spring-security-web-6.4.2.jar:6.4.2]
	at org.springframework.security.web.ObservationFilterChainDecorator$ObservationFilter.wrapFilter(ObservationFilterChainDecorator.java:240) ~[spring-security-web-6.4.2.jar:6.4.2]
	at org.springframework.security.web.ObservationFilterChainDecorator$ObservationFilter.doFilter(ObservationFilterChainDecorator.java:227) ~[spring-security-web-6.4.2.jar:6.4.2]
	at org.springframework.security.web.ObservationFilterChainDecorator$VirtualFilterChain.doFilter(ObservationFilterChainDecorator.java:137) ~[spring-security-web-6.4.2.jar:6.4.2]
	at org.springframework.security.web.savedrequest.RequestCacheAwareFilter.doFilter(RequestCacheAwareFilter.java:63) ~[spring-security-web-6.4.2.jar:6.4.2]
	at org.springframework.security.web.ObservationFilterChainDecorator$ObservationFilter.wrapFilter(ObservationFilterChainDecorator.java:240) ~[spring-security-web-6.4.2.jar:6.4.2]
	at org.springframework.security.web.ObservationFilterChainDecorator$ObservationFilter.doFilter(ObservationFilterChainDecorator.java:227) ~[spring-security-web-6.4.2.jar:6.4.2]
	at org.springframework.security.web.ObservationFilterChainDecorator$VirtualFilterChain.doFilter(ObservationFilterChainDecorator.java:137) ~[spring-security-web-6.4.2.jar:6.4.2]
	at com.mtp.api.security.JwtRequestFilter.doFilterInternal(JwtRequestFilter.java:66) ~[main/:na]
	at org.springframework.web.filter.OncePerRequestFilter.doFilter(OncePerRequestFilter.java:116) ~[spring-web-6.2.1.jar:6.2.1]
	at org.springframework.security.web.ObservationFilterChainDecorator$ObservationFilter.wrapFilter(ObservationFilterChainDecorator.java:240) ~[spring-security-web-6.4.2.jar:6.4.2]
	at org.springframework.security.web.ObservationFilterChainDecorator$ObservationFilter.doFilter(ObservationFilterChainDecorator.java:227) ~[spring-security-web-6.4.2.jar:6.4.2]
	at org.springframework.security.web.ObservationFilterChainDecorator$VirtualFilterChain.doFilter(ObservationFilterChainDecorator.java:137) ~[spring-security-web-6.4.2.jar:6.4.2]
	at com.mtp.api.security.RateLimitFilter.doFilterInternal(RateLimitFilter.java:69) ~[main/:na]
	at org.springframework.web.filter.OncePerRequestFilter.doFilter(OncePerRequestFilter.java:116) ~[spring-web-6.2.1.jar:6.2.1]
	at org.springframework.security.web.ObservationFilterChainDecorator$ObservationFilter.wrapFilter(ObservationFilterChainDecorator.java:240) ~[spring-security-web-6.4.2.jar:6.4.2]
	at org.springframework.security.web.ObservationFilterChainDecorator$ObservationFilter.doFilter(ObservationFilterChainDecorator.java:227) ~[spring-security-web-6.4.2.jar:6.4.2]
	at org.springframework.security.web.ObservationFilterChainDecorator$VirtualFilterChain.doFilter(ObservationFilterChainDecorator.java:137) ~[spring-security-web-6.4.2.jar:6.4.2]
	at org.springframework.security.web.authentication.logout.LogoutFilter.doFilter(LogoutFilter.java:107) ~[spring-security-web-6.4.2.jar:6.4.2]
	at org.springframework.security.web.authentication.logout.LogoutFilter.doFilter(LogoutFilter.java:93) ~[spring-security-web-6.4.2.jar:6.4.2]
	at org.springframework.security.web.ObservationFilterChainDecorator$ObservationFilter.wrapFilter(ObservationFilterChainDecorator.java:240) ~[spring-security-web-6.4.2.jar:6.4.2]
	at org.springframework.security.web.ObservationFilterChainDecorator$ObservationFilter.doFilter(ObservationFilterChainDecorator.java:227) ~[spring-security-web-6.4.2.jar:6.4.2]
	at org.springframework.security.web.ObservationFilterChainDecorator$VirtualFilterChain.doFilter(ObservationFilterChainDecorator.java:137) ~[spring-security-web-6.4.2.jar:6.4.2]
	at org.springframework.web.filter.CorsFilter.doFilterInternal(CorsFilter.java:91) ~[spring-web-6.2.1.jar:6.2.1]
	at org.springframework.web.filter.OncePerRequestFilter.doFilter(OncePerRequestFilter.java:116) ~[spring-web-6.2.1.jar:6.2.1]
	at org.springframework.security.web.ObservationFilterChainDecorator$ObservationFilter.wrapFilter(ObservationFilterChainDecorator.java:240) ~[spring-security-web-6.4.2.jar:6.4.2]
	at org.springframework.security.web.ObservationFilterChainDecorator$ObservationFilter.doFilter(ObservationFilterChainDecorator.java:227) ~[spring-security-web-6.4.2.jar:6.4.2]
	at org.springframework.security.web.ObservationFilterChainDecorator$VirtualFilterChain.doFilter(ObservationFilterChainDecorator.java:137) ~[spring-security-web-6.4.2.jar:6.4.2]
	at org.springframework.security.web.header.HeaderWriterFilter.doHeadersAfter(HeaderWriterFilter.java:90) ~[spring-security-web-6.4.2.jar:6.4.2]
	at org.springframework.security.web.header.HeaderWriterFilter.doFilterInternal(HeaderWriterFilter.java:75) ~[spring-security-web-6.4.2.jar:6.4.2]
	at org.springframework.web.filter.OncePerRequestFilter.doFilter(OncePerRequestFilter.java:116) ~[spring-web-6.2.1.jar:6.2.1]
	at org.springframework.security.web.ObservationFilterChainDecorator$ObservationFilter.wrapFilter(ObservationFilterChainDecorator.java:240) ~[spring-security-web-6.4.2.jar:6.4.2]
	at org.springframework.security.web.ObservationFilterChainDecorator$ObservationFilter.doFilter(ObservationFilterChainDecorator.java:227) ~[spring-security-web-6.4.2.jar:6.4.2]
	at org.springframework.security.web.ObservationFilterChainDecorator$VirtualFilterChain.doFilter(ObservationFilterChainDecorator.java:137) ~[spring-security-web-6.4.2.jar:6.4.2]
	at org.springframework.security.web.context.SecurityContextHolderFilter.doFilter(SecurityContextHolderFilter.java:82) ~[spring-security-web-6.4.2.jar:6.4.2]
	at org.springframework.security.web.context.SecurityContextHolderFilter.doFilter(SecurityContextHolderFilter.java:69) ~[spring-security-web-6.4.2.jar:6.4.2]
	at org.springframework.security.web.ObservationFilterChainDecorator$ObservationFilter.wrapFilter(ObservationFilterChainDecorator.java:240) ~[spring-security-web-6.4.2.jar:6.4.2]
	at org.springframework.security.web.ObservationFilterChainDecorator$ObservationFilter.doFilter(ObservationFilterChainDecorator.java:227) ~[spring-security-web-6.4.2.jar:6.4.2]
	at org.springframework.security.web.ObservationFilterChainDecorator$VirtualFilterChain.doFilter(ObservationFilterChainDecorator.java:137) ~[spring-security-web-6.4.2.jar:6.4.2]
	at org.springframework.security.web.context.request.async.WebAsyncManagerIntegrationFilter.doFilterInternal(WebAsyncManagerIntegrationFilter.java:62) ~[spring-security-web-6.4.2.jar:6.4.2]
	at org.springframework.web.filter.OncePerRequestFilter.doFilter(OncePerRequestFilter.java:116) ~[spring-web-6.2.1.jar:6.2.1]
	at org.springframework.security.web.ObservationFilterChainDecorator$ObservationFilter.wrapFilter(ObservationFilterChainDecorator.java:240) ~[spring-security-web-6.4.2.jar:6.4.2]
	at org.springframework.security.web.ObservationFilterChainDecorator$ObservationFilter.doFilter(ObservationFilterChainDecorator.java:227) ~[spring-security-web-6.4.2.jar:6.4.2]
	at org.springframework.security.web.ObservationFilterChainDecorator$VirtualFilterChain.doFilter(ObservationFilterChainDecorator.java:137) ~[spring-security-web-6.4.2.jar:6.4.2]
	at org.springframework.security.web.session.DisableEncodeUrlFilter.doFilterInternal(DisableEncodeUrlFilter.java:42) ~[spring-security-web-6.4.2.jar:6.4.2]
	at org.springframework.web.filter.OncePerRequestFilter.doFilter(OncePerRequestFilter.java:116) ~[spring-web-6.2.1.jar:6.2.1]
	at org.springframework.security.web.ObservationFilterChainDecorator$ObservationFilter.wrapFilter(ObservationFilterChainDecorator.java:240) ~[spring-security-web-6.4.2.jar:6.4.2]
	at org.springframework.security.web.ObservationFilterChainDecorator$AroundFilterObservation$SimpleAroundFilterObservation.lambda$wrap$0(ObservationFilterChainDecorator.java:323) ~[spring-security-web-6.4.2.jar:6.4.2]
	at org.springframework.security.web.ObservationFilterChainDecorator$ObservationFilter.doFilter(ObservationFilterChainDecorator.java:224) ~[spring-security-web-6.4.2.jar:6.4.2]
	at org.springframework.security.web.ObservationFilterChainDecorator$VirtualFilterChain.doFilter(ObservationFilterChainDecorator.java:137) ~[spring-security-web-6.4.2.jar:6.4.2]
	at org.springframework.security.web.FilterChainProxy.doFilterInternal(FilterChainProxy.java:233) ~[spring-security-web-6.4.2.jar:6.4.2]
	at org.springframework.security.web.FilterChainProxy.doFilter(FilterChainProxy.java:191) ~[spring-security-web-6.4.2.jar:6.4.2]
	at org.springframework.web.filter.CompositeFilter$VirtualFilterChain.doFilter(CompositeFilter.java:113) ~[spring-web-6.2.1.jar:6.2.1]
	at org.springframework.web.servlet.handler.HandlerMappingIntrospector.lambda$createCacheFilter$3(HandlerMappingIntrospector.java:243) ~[spring-webmvc-6.2.1.jar:6.2.1]
	at org.springframework.web.filter.CompositeFilter$VirtualFilterChain.doFilter(CompositeFilter.java:113) ~[spring-web-6.2.1.jar:6.2.1]
	at org.springframework.web.filter.CompositeFilter.doFilter(CompositeFilter.java:74) ~[spring-web-6.2.1.jar:6.2.1]
	at org.springframework.security.config.annotation.web.configuration.WebMvcSecurityConfiguration$CompositeFilterChainProxy.doFilter(WebMvcSecurityConfiguration.java:238) ~[spring-security-config-6.4.2.jar:6.4.2]
	at org.springframework.web.filter.DelegatingFilterProxy.invokeDelegate(DelegatingFilterProxy.java:362) ~[spring-web-6.2.1.jar:6.2.1]
	at org.springframework.web.filter.DelegatingFilterProxy.doFilter(DelegatingFilterProxy.java:278) ~[spring-web-6.2.1.jar:6.2.1]
	at org.apache.catalina.core.ApplicationFilterChain.internalDoFilter(ApplicationFilterChain.java:164) ~[tomcat-embed-core-10.1.34.jar:10.1.34]
	at org.apache.catalina.core.ApplicationFilterChain.doFilter(ApplicationFilterChain.java:140) ~[tomcat-embed-core-10.1.34.jar:10.1.34]
	at org.springframework.web.filter.RequestContextFilter.doFilterInternal(RequestContextFilter.java:100) ~[spring-web-6.2.1.jar:6.2.1]
	at org.springframework.web.filter.OncePerRequestFilter.doFilter(OncePerRequestFilter.java:116) ~[spring-web-6.2.1.jar:6.2.1]
	at org.apache.catalina.core.ApplicationFilterChain.internalDoFilter(ApplicationFilterChain.java:164) ~[tomcat-embed-core-10.1.34.jar:10.1.34]
	at org.apache.catalina.core.ApplicationFilterChain.doFilter(ApplicationFilterChain.java:140) ~[tomcat-embed-core-10.1.34.jar:10.1.34]
	at org.springframework.web.filter.FormContentFilter.doFilterInternal(FormContentFilter.java:93) ~[spring-web-6.2.1.jar:6.2.1]
	at org.springframework.web.filter.OncePerRequestFilter.doFilter(OncePerRequestFilter.java:116) ~[spring-web-6.2.1.jar:6.2.1]
	at org.apache.catalina.core.ApplicationFilterChain.internalDoFilter(ApplicationFilterChain.java:164) ~[tomcat-embed-core-10.1.34.jar:10.1.34]
	at org.apache.catalina.core.ApplicationFilterChain.doFilter(ApplicationFilterChain.java:140) ~[tomcat-embed-core-10.1.34.jar:10.1.34]
	at org.springframework.web.filter.ServerHttpObservationFilter.doFilterInternal(ServerHttpObservationFilter.java:114) ~[spring-web-6.2.1.jar:6.2.1]
	at org.springframework.web.filter.OncePerRequestFilter.doFilter(OncePerRequestFilter.java:116) ~[spring-web-6.2.1.jar:6.2.1]
	at org.apache.catalina.core.ApplicationFilterChain.internalDoFilter(ApplicationFilterChain.java:164) ~[tomcat-embed-core-10.1.34.jar:10.1.34]
	at org.apache.catalina.core.ApplicationFilterChain.doFilter(ApplicationFilterChain.java:140) ~[tomcat-embed-core-10.1.34.jar:10.1.34]
	at org.springframework.web.filter.CharacterEncodingFilter.doFilterInternal(CharacterEncodingFilter.java:201) ~[spring-web-6.2.1.jar:6.2.1]
	at org.springframework.web.filter.OncePerRequestFilter.doFilter(OncePerRequestFilter.java:116) ~[spring-web-6.2.1.jar:6.2.1]
	at org.apache.catalina.core.ApplicationFilterChain.internalDoFilter(ApplicationFilterChain.java:164) ~[tomcat-embed-core-10.1.34.jar:10.1.34]
	at org.apache.catalina.core.ApplicationFilterChain.doFilter(ApplicationFilterChain.java:140) ~[tomcat-embed-core-10.1.34.jar:10.1.34]
	at org.apache.catalina.core.StandardWrapperValve.invoke(StandardWrapperValve.java:167) ~[tomcat-embed-core-10.1.34.jar:10.1.34]
	at org.apache.catalina.core.StandardContextValve.invoke(StandardContextValve.java:90) ~[tomcat-embed-core-10.1.34.jar:10.1.34]
	at org.apache.catalina.authenticator.AuthenticatorBase.invoke(AuthenticatorBase.java:483) ~[tomcat-embed-core-10.1.34.jar:10.1.34]
	at org.apache.catalina.core.StandardHostValve.invoke(StandardHostValve.java:115) ~[tomcat-embed-core-10.1.34.jar:10.1.34]
	at org.apache.catalina.valves.ErrorReportValve.invoke(ErrorReportValve.java:93) ~[tomcat-embed-core-10.1.34.jar:10.1.34]
	at org.apache.catalina.core.StandardEngineValve.invoke(StandardEngineValve.java:74) ~[tomcat-embed-core-10.1.34.jar:10.1.34]
	at org.apache.catalina.connector.CoyoteAdapter.service(CoyoteAdapter.java:344) ~[tomcat-embed-core-10.1.34.jar:10.1.34]
	at org.apache.coyote.http11.Http11Processor.service(Http11Processor.java:397) ~[tomcat-embed-core-10.1.34.jar:10.1.34]
	at org.apache.coyote.AbstractProcessorLight.process(AbstractProcessorLight.java:63) ~[tomcat-embed-core-10.1.34.jar:10.1.34]
	at org.apache.coyote.AbstractProtocol$ConnectionHandler.process(AbstractProtocol.java:905) ~[tomcat-embed-core-10.1.34.jar:10.1.34]
	at org.apache.tomcat.util.net.NioEndpoint$SocketProcessor.doRun(NioEndpoint.java:1741) ~[tomcat-embed-core-10.1.34.jar:10.1.34]
	at org.apache.tomcat.util.net.SocketProcessorBase.run(SocketProcessorBase.java:52) ~[tomcat-embed-core-10.1.34.jar:10.1.34]
	at java.base/java.lang.VirtualThread.run(VirtualThread.java:456) ~[na:na]
	Suppressed: org.springframework.web.context.request.async.AsyncRequestNotUsableException: Response not usable after response errors.
		at org.springframework.web.context.request.async.StandardServletAsyncWebRequest$LifecycleHttpServletResponse.obtainLockOrRaiseException(StandardServletAsyncWebRequest.java:338) ~[spring-web-6.2.1.jar:6.2.1]
		at org.springframework.web.context.request.async.StandardServletAsyncWebRequest$LifecycleServletOutputStream.write(StandardServletAsyncWebRequest.java:399) ~[spring-web-6.2.1.jar:6.2.1]
		at org.springframework.util.StreamUtils$NonClosingOutputStream.write(StreamUtils.java:263) ~[spring-core-6.2.1.jar:6.2.1]
		at com.fasterxml.jackson.core.json.UTF8JsonGenerator._flushBuffer(UTF8JsonGenerator.java:2241) ~[jackson-core-2.18.2.jar:2.18.2]
		at com.fasterxml.jackson.core.json.UTF8JsonGenerator.close(UTF8JsonGenerator.java:1232) ~[jackson-core-2.18.2.jar:2.18.2]
		at org.springframework.http.converter.json.AbstractJackson2HttpMessageConverter.writeInternal(AbstractJackson2HttpMessageConverter.java:455) ~[spring-web-6.2.1.jar:6.2.1]
		... 140 common frames omitted
Caused by: org.apache.catalina.connector.ClientAbortException: java.io.IOException: An established connection was aborted by the software in your host machine
	at org.apache.catalina.connector.OutputBuffer.realWriteBytes(OutputBuffer.java:346) ~[tomcat-embed-core-10.1.34.jar:10.1.34]
	at org.apache.catalina.connector.OutputBuffer.flushByteBuffer(OutputBuffer.java:781) ~[tomcat-embed-core-10.1.34.jar:10.1.34]
	at org.apache.catalina.connector.OutputBuffer.append(OutputBuffer.java:678) ~[tomcat-embed-core-10.1.34.jar:10.1.34]
	at org.apache.catalina.connector.OutputBuffer.writeBytes(OutputBuffer.java:381) ~[tomcat-embed-core-10.1.34.jar:10.1.34]
	at org.apache.catalina.connector.OutputBuffer.write(OutputBuffer.java:359) ~[tomcat-embed-core-10.1.34.jar:10.1.34]
	at org.apache.catalina.connector.CoyoteOutputStream.write(CoyoteOutputStream.java:103) ~[tomcat-embed-core-10.1.34.jar:10.1.34]
	at org.springframework.security.web.util.OnCommittedResponseWrapper$SaveContextServletOutputStream.write(OnCommittedResponseWrapper.java:639) ~[spring-security-web-6.4.2.jar:6.4.2]
	at org.springframework.web.context.request.async.StandardServletAsyncWebRequest$LifecycleServletOutputStream.write(StandardServletAsyncWebRequest.java:401) ~[spring-web-6.2.1.jar:6.2.1]
	... 159 common frames omitted
Caused by: java.io.IOException: An established connection was aborted by the software in your host machine
	at java.base/sun.nio.ch.SocketDispatcher.write0(Native Method) ~[na:na]
	at java.base/sun.nio.ch.SocketDispatcher.write(SocketDispatcher.java:57) ~[na:na]
	at java.base/sun.nio.ch.IOUtil.writeFromNativeBuffer(IOUtil.java:137) ~[na:na]
	at java.base/sun.nio.ch.IOUtil.write(IOUtil.java:102) ~[na:na]
	at java.base/sun.nio.ch.IOUtil.write(IOUtil.java:58) ~[na:na]
	at java.base/sun.nio.ch.SocketChannelImpl.implWrite(SocketChannelImpl.java:562) ~[na:na]
	at java.base/sun.nio.ch.SocketChannelImpl.write(SocketChannelImpl.java:614) ~[na:na]
	at org.apache.tomcat.util.net.NioChannel.write(NioChannel.java:122) ~[tomcat-embed-core-10.1.34.jar:10.1.34]
	at org.apache.tomcat.util.net.NioEndpoint$NioSocketWrapper.doWrite(NioEndpoint.java:1378) ~[tomcat-embed-core-10.1.34.jar:10.1.34]
	at org.apache.tomcat.util.net.SocketWrapperBase.doWrite(SocketWrapperBase.java:764) ~[tomcat-embed-core-10.1.34.jar:10.1.34]
	at org.apache.tomcat.util.net.SocketWrapperBase.writeBlocking(SocketWrapperBase.java:589) ~[tomcat-embed-core-10.1.34.jar:10.1.34]
	at org.apache.tomcat.util.net.SocketWrapperBase.write(SocketWrapperBase.java:533) ~[tomcat-embed-core-10.1.34.jar:10.1.34]
	at org.apache.coyote.http11.Http11OutputBuffer$SocketOutputBuffer.doWrite(Http11OutputBuffer.java:548) ~[tomcat-embed-core-10.1.34.jar:10.1.34]
	at org.apache.coyote.http11.filters.ChunkedOutputFilter.doWrite(ChunkedOutputFilter.java:111) ~[tomcat-embed-core-10.1.34.jar:10.1.34]
	at org.apache.coyote.http11.Http11OutputBuffer.doWrite(Http11OutputBuffer.java:193) ~[tomcat-embed-core-10.1.34.jar:10.1.34]
	at org.apache.coyote.Response.doWrite(Response.java:631) ~[tomcat-embed-core-10.1.34.jar:10.1.34]
	at org.apache.catalina.connector.OutputBuffer.realWriteBytes(OutputBuffer.java:334) ~[tomcat-embed-core-10.1.34.jar:10.1.34]
	... 166 common frames omitted

2026-06-30T07:20:41.647+07:00 DEBUG 2244 --- [mtp-hr-service] [tomcat-handler-148] o.s.security.web.FilterChainProxy        : Securing GET /ws/info?t=1782778839488
2026-06-30T07:20:41.648+07:00 DEBUG 2244 --- [mtp-hr-service] [tomcat-handler-148] o.s.s.w.a.AnonymousAuthenticationFilter  : Set SecurityContextHolder to anonymous SecurityContext
2026-06-30T07:20:41.648+07:00 DEBUG 2244 --- [mtp-hr-service] [tomcat-handler-148] o.s.security.web.FilterChainProxy        : Secured GET /ws/info?t=1782778839488
2026-06-30T07:20:42.345+07:00 DEBUG 2244 --- [mtp-hr-service] [tomcat-handler-149] o.s.security.web.FilterChainProxy        : Securing GET /api/chat/history/user/superadmin@mloptapang.org
2026-06-30T07:20:42.387+07:00 DEBUG 2244 --- [mtp-hr-service] [tomcat-handler-150] o.s.security.web.FilterChainProxy        : Securing GET /api/chat/history/user/superadmin@mloptapang.org
2026-06-30T07:20:42.416+07:00 DEBUG 2244 --- [mtp-hr-service] [tomcat-handler-149] o.s.security.web.FilterChainProxy        : Secured GET /api/chat/history/user/superadmin@mloptapang.org
2026-06-30T07:20:42.461+07:00 DEBUG 2244 --- [mtp-hr-service] [tomcat-handler-150] o.s.security.web.FilterChainProxy        : Secured GET /api/chat/history/user/superadmin@mloptapang.org
2026-06-30T07:20:42.496+07:00 DEBUG 2244 --- [mtp-hr-service] [tomcat-handler-151] o.s.security.web.FilterChainProxy        : Securing GET /api/settings/APP_LOGO
2026-06-30T07:20:42.514+07:00 DEBUG 2244 --- [mtp-hr-service] [tomcat-handler-152] o.s.security.web.FilterChainProxy        : Securing GET /api/hr/attendance
2026-06-30T07:20:42.516+07:00 DEBUG 2244 --- [mtp-hr-service] [tomcat-handler-154] o.s.security.web.FilterChainProxy        : Securing GET /api/hr/leaves
2026-06-30T07:20:42.518+07:00 DEBUG 2244 --- [mtp-hr-service] [tomcat-handler-153] o.s.security.web.FilterChainProxy        : Securing GET /api/hr/payroll
2026-06-30T07:20:42.624+07:00 DEBUG 2244 --- [mtp-hr-service] [tomcat-handler-152] o.s.security.web.FilterChainProxy        : Secured GET /api/hr/attendance
2026-06-30T07:20:42.626+07:00 DEBUG 2244 --- [mtp-hr-service] [tomcat-handler-153] o.s.security.web.FilterChainProxy        : Secured GET /api/hr/payroll
2026-06-30T07:20:42.638+07:00 DEBUG 2244 --- [mtp-hr-service] [tomcat-handler-151] o.s.security.web.FilterChainProxy        : Secured GET /api/settings/APP_LOGO
2026-06-30T07:20:42.668+07:00 DEBUG 2244 --- [mtp-hr-service] [tomcat-handler-154] o.s.security.web.FilterChainProxy        : Secured GET /api/hr/leaves
2026-06-30T07:20:42.896+07:00 DEBUG 2244 --- [mtp-hr-service] [tomcat-handler-155] o.s.security.web.FilterChainProxy        : Securing GET /api/settings/APP_LOGO
2026-06-30T07:20:42.918+07:00 DEBUG 2244 --- [mtp-hr-service] [tomcat-handler-156] o.s.security.web.FilterChainProxy        : Securing GET /api/hr/attendance
2026-06-30T07:20:42.936+07:00 DEBUG 2244 --- [mtp-hr-service] [tomcat-handler-157] o.s.security.web.FilterChainProxy        : Securing GET /api/hr/leaves
2026-06-30T07:20:42.983+07:00 DEBUG 2244 --- [mtp-hr-service] [tomcat-handler-158] o.s.security.web.FilterChainProxy        : Securing GET /api/hr/payroll
2026-06-30T07:20:43.021+07:00 DEBUG 2244 --- [mtp-hr-service] [tomcat-handler-155] o.s.security.web.FilterChainProxy        : Secured GET /api/settings/APP_LOGO
2026-06-30T07:20:43.045+07:00 DEBUG 2244 --- [mtp-hr-service] [tomcat-handler-156] o.s.security.web.FilterChainProxy        : Secured GET /api/hr/attendance
2026-06-30T07:20:43.060+07:00 DEBUG 2244 --- [mtp-hr-service] [tomcat-handler-157] o.s.security.web.FilterChainProxy        : Secured GET /api/hr/leaves
2026-06-30T07:20:43.108+07:00 DEBUG 2244 --- [mtp-hr-service] [tomcat-handler-159] o.s.security.web.FilterChainProxy        : Securing GET /ws/info?t=1782778842551
2026-06-30T07:20:43.109+07:00 DEBUG 2244 --- [mtp-hr-service] [tomcat-handler-159] o.s.s.w.a.AnonymousAuthenticationFilter  : Set SecurityContextHolder to anonymous SecurityContext
2026-06-30T07:20:43.109+07:00 DEBUG 2244 --- [mtp-hr-service] [tomcat-handler-159] o.s.security.web.FilterChainProxy        : Secured GET /ws/info?t=1782778842551
2026-06-30T07:20:43.127+07:00 DEBUG 2244 --- [mtp-hr-service] [tomcat-handler-158] o.s.security.web.FilterChainProxy        : Secured GET /api/hr/payroll
2026-06-30T07:20:43.192+07:00 DEBUG 2244 --- [mtp-hr-service] [tomcat-handler-160] o.s.security.web.FilterChainProxy        : Securing GET /ws/757/h2j324dy/websocket
2026-06-30T07:20:43.195+07:00 DEBUG 2244 --- [mtp-hr-service] [tomcat-handler-160] o.s.s.w.a.AnonymousAuthenticationFilter  : Set SecurityContextHolder to anonymous SecurityContext
2026-06-30T07:20:43.196+07:00 DEBUG 2244 --- [mtp-hr-service] [tomcat-handler-160] o.s.security.web.FilterChainProxy        : Secured GET /ws/757/h2j324dy/websocket
2026-06-30T07:20:43.256+07:00  INFO 2244 --- [mtp-hr-service] [tomcat-handler-161] com.mtp.api.config.WebSocketConfig       : WebSocket CONNECT attempt. Auth header present: true
2026-06-30T07:20:43.256+07:00  INFO 2244 --- [mtp-hr-service] [tomcat-handler-161] com.mtp.api.config.WebSocketConfig       : WebSocket authenticated user: superadmin@mloptapang.org
2026-06-30T07:20:43.257+07:00  INFO 2244 --- [mtp-hr-service] [clientOutboundChannel-5] c.mtp.api.config.WebSocketEventListener  : WebSocket connection established for user: superadmin@mloptapang.org
2026-06-30T07:20:50.453+07:00  INFO 2244 --- [mtp-hr-service] [AsyncResolver-bootstrap-executor-%d] c.n.d.s.r.aws.ConfigClusterResolver      : Resolving eureka endpoints via configuration
2026-06-30T07:20:51.040+07:00  INFO 2244 --- [mtp-hr-service] [MessageBroker-4] c.m.a.s.impl.AttendanceServiceImpl       : [ZK-AutoSync] Waking up to process 3 hardware nodes...
2026-06-30T07:20:51.068+07:00  INFO 2244 --- [mtp-hr-service] [MessageBroker-4] c.m.a.s.impl.AttendanceServiceImpl       : System Employee ID Samples: [101, 102, 103, USR-admin@mtp.com, USR-superadmin@mloptapang.org, EMP-2026-0012]
2026-06-30T07:20:51.076+07:00  INFO 2244 --- [mtp-hr-service] [MessageBroker-4] c.m.a.s.impl.AttendanceServiceImpl       : Connecting to hardware node: 192.168.2.10
2026-06-30T07:20:51.077+07:00  INFO 2244 --- [mtp-hr-service] [MessageBroker-4] com.mtp.api.utils.ZkDeviceClient         : Fetching User Registry from hardware: 192.168.2.10
2026-06-30T07:20:51.105+07:00  INFO 2244 --- [mtp-hr-service] [MessageBroker-4] com.mtp.api.utils.ZkDeviceClient         : [ZK-Protocol] Session Locked & Confirmed: 28162
2026-06-30T07:20:51.138+07:00  INFO 2244 --- [mtp-hr-service] [MessageBroker-4] com.mtp.api.utils.ZkDeviceClient         : [ZK-Protocol] Probing user table: user...
2026-06-30T07:20:51.145+07:00  INFO 2244 --- [mtp-hr-service] [MessageBroker-4] com.mtp.api.utils.ZkDeviceClient         : [ZK-Protocol] Probing user table: USER_INFO...
2026-06-30T07:20:51.156+07:00  INFO 2244 --- [mtp-hr-service] [MessageBroker-4] com.mtp.api.utils.ZkDeviceClient         : [ZK-Protocol] Probing user table: person...
2026-06-30T07:20:51.167+07:00  INFO 2244 --- [mtp-hr-service] [MessageBroker-4] com.mtp.api.utils.ZkDeviceClient         : [ZK-Protocol] Modern user tables empty. Trying Streaming Legacy CMD_USER_RRQ...
2026-06-30T07:20:51.193+07:00  INFO 2244 --- [mtp-hr-service] [MessageBroker-4] com.mtp.api.utils.ZkDeviceClient         : [ZK-Protocol] UDP failed. Attempting TCP fallback for User List...
2026-06-30T07:20:51.238+07:00  INFO 2244 --- [mtp-hr-service] [MessageBroker-4] c.m.a.s.impl.AttendanceServiceImpl       : [ZK-Registry] Found 0 names on hardware.
2026-06-30T07:20:51.296+07:00  INFO 2244 --- [mtp-hr-service] [MessageBroker-4] com.mtp.api.utils.ZkDeviceClient         : [ZK-Protocol] Session Locked & Confirmed: 28163
2026-06-30T07:20:51.323+07:00  INFO 2244 --- [mtp-hr-service] [MessageBroker-4] com.mtp.api.utils.ZkDeviceClient         : [ZK-Protocol] Using Legacy CMD_ATTLOG_RRQ for hardware compatibility...
2026-06-30T07:20:51.335+07:00  INFO 2244 --- [mtp-hr-service] [MessageBroker-4] com.mtp.api.utils.ZkDeviceClient         : [ZK-Protocol] UDP stream returned no legacy data. Probing modern attlog table...
2026-06-30T07:20:51.366+07:00  INFO 2244 --- [mtp-hr-service] [MessageBroker-4] c.m.a.s.impl.AttendanceServiceImpl       : No new logs found on device: 192.168.2.10
2026-06-30T07:20:51.542+07:00  INFO 2244 --- [mtp-hr-service] [MessageBroker-4] c.m.a.s.impl.AttendanceServiceImpl       : System Employee ID Samples: [101, 102, 103, USR-admin@mtp.com, USR-superadmin@mloptapang.org, EMP-2026-0012]
2026-06-30T07:20:51.555+07:00  INFO 2244 --- [mtp-hr-service] [MessageBroker-4] c.m.a.s.impl.AttendanceServiceImpl       : Connecting to hardware node: 192.168.5.10
2026-06-30T07:20:51.555+07:00  INFO 2244 --- [mtp-hr-service] [MessageBroker-4] com.mtp.api.utils.ZkDeviceClient         : Fetching User Registry from hardware: 192.168.5.10
2026-06-30T07:20:52.676+07:00 DEBUG 2244 --- [mtp-hr-service] [tomcat-handler-163] o.s.security.web.FilterChainProxy        : Securing GET /api/hr/analytics/stats
2026-06-30T07:20:52.693+07:00 DEBUG 2244 --- [mtp-hr-service] [tomcat-handler-164] o.s.security.web.FilterChainProxy        : Securing GET /api/hr/analytics/demographics
2026-06-30T07:20:52.693+07:00 DEBUG 2244 --- [mtp-hr-service] [tomcat-handler-165] o.s.security.web.FilterChainProxy        : Securing GET /api/vacancies?page=0&size=100
2026-06-30T07:20:52.695+07:00 DEBUG 2244 --- [mtp-hr-service] [tomcat-handler-166] o.s.security.web.FilterChainProxy        : Securing GET /api/hr/analytics/department-distribution
2026-06-30T07:20:52.696+07:00 DEBUG 2244 --- [mtp-hr-service] [tomcat-handler-167] o.s.security.web.FilterChainProxy        : Securing GET /api/placements/stats
2026-06-30T07:20:52.798+07:00 DEBUG 2244 --- [mtp-hr-service] [tomcat-handler-163] o.s.security.web.FilterChainProxy        : Secured GET /api/hr/analytics/stats
2026-06-30T07:20:52.800+07:00 DEBUG 2244 --- [mtp-hr-service] [tomcat-handler-166] o.s.security.web.FilterChainProxy        : Secured GET /api/hr/analytics/department-distribution
2026-06-30T07:20:52.803+07:00 DEBUG 2244 --- [mtp-hr-service] [tomcat-handler-165] o.s.security.web.FilterChainProxy        : Secured GET /api/vacancies?page=0&size=100
2026-06-30T07:20:52.803+07:00 DEBUG 2244 --- [mtp-hr-service] [tomcat-handler-164] o.s.security.web.FilterChainProxy        : Secured GET /api/hr/analytics/demographics
2026-06-30T07:20:52.810+07:00 DEBUG 2244 --- [mtp-hr-service] [tomcat-handler-167] o.s.security.web.FilterChainProxy        : Secured GET /api/placements/stats
2026-06-30T07:20:52.971+07:00 DEBUG 2244 --- [mtp-hr-service] [tomcat-handler-168] o.s.security.web.FilterChainProxy        : Securing GET /api/clients?page=0&size=100
2026-06-30T07:20:52.976+07:00 DEBUG 2244 --- [mtp-hr-service] [tomcat-handler-170] o.s.security.web.FilterChainProxy        : Securing GET /api/placements?page=0&size=100
2026-06-30T07:20:52.976+07:00 DEBUG 2244 --- [mtp-hr-service] [tomcat-handler-169] o.s.security.web.FilterChainProxy        : Securing GET /api/employers?page=0&size=100
2026-06-30T07:20:52.984+07:00 DEBUG 2244 --- [mtp-hr-service] [tomcat-handler-172] o.s.security.web.FilterChainProxy        : Securing GET /api/lookups/departments
2026-06-30T07:20:52.984+07:00 DEBUG 2244 --- [mtp-hr-service] [tomcat-handler-171] o.s.security.web.FilterChainProxy        : Securing GET /api/lookups/positions
2026-06-30T07:20:53.064+07:00 DEBUG 2244 --- [mtp-hr-service] [tomcat-handler-168] o.s.security.web.FilterChainProxy        : Secured GET /api/clients?page=0&size=100
2026-06-30T07:20:53.075+07:00 DEBUG 2244 --- [mtp-hr-service] [tomcat-handler-172] o.s.security.web.FilterChainProxy        : Secured GET /api/lookups/departments
2026-06-30T07:20:53.092+07:00 DEBUG 2244 --- [mtp-hr-service] [tomcat-handler-170] o.s.security.web.FilterChainProxy        : Secured GET /api/placements?page=0&size=100
2026-06-30T07:20:53.098+07:00 DEBUG 2244 --- [mtp-hr-service] [tomcat-handler-169] o.s.security.web.FilterChainProxy        : Secured GET /api/employers?page=0&size=100
2026-06-30T07:20:53.101+07:00 DEBUG 2244 --- [mtp-hr-service] [tomcat-handler-171] o.s.security.web.FilterChainProxy        : Secured GET /api/lookups/positions
2026-06-30T07:20:53.355+07:00 DEBUG 2244 --- [mtp-hr-service] [tomcat-handler-173] o.s.security.web.FilterChainProxy        : Securing GET /api/hr/analytics/stats
2026-06-30T07:20:53.356+07:00 DEBUG 2244 --- [mtp-hr-service] [tomcat-handler-174] o.s.security.web.FilterChainProxy        : Securing GET /api/hr/analytics/demographics
2026-06-30T07:20:53.356+07:00 DEBUG 2244 --- [mtp-hr-service] [tomcat-handler-175] o.s.security.web.FilterChainProxy        : Securing GET /api/hr/analytics/department-distribution
2026-06-30T07:20:53.361+07:00 DEBUG 2244 --- [mtp-hr-service] [tomcat-handler-176] o.s.security.web.FilterChainProxy        : Securing GET /api/vacancies?page=0&size=100
2026-06-30T07:20:53.362+07:00 DEBUG 2244 --- [mtp-hr-service] [tomcat-handler-177] o.s.security.web.FilterChainProxy        : Securing GET /api/placements/stats
2026-06-30T07:20:53.501+07:00 DEBUG 2244 --- [mtp-hr-service] [tomcat-handler-173] o.s.security.web.FilterChainProxy        : Secured GET /api/hr/analytics/stats
2026-06-30T07:20:53.501+07:00 DEBUG 2244 --- [mtp-hr-service] [tomcat-handler-177] o.s.security.web.FilterChainProxy        : Secured GET /api/placements/stats
2026-06-30T07:20:53.501+07:00 DEBUG 2244 --- [mtp-hr-service] [tomcat-handler-174] o.s.security.web.FilterChainProxy        : Secured GET /api/hr/analytics/demographics
2026-06-30T07:20:53.504+07:00 DEBUG 2244 --- [mtp-hr-service] [tomcat-handler-175] o.s.security.web.FilterChainProxy        : Secured GET /api/hr/analytics/department-distribution
2026-06-30T07:20:53.506+07:00 DEBUG 2244 --- [mtp-hr-service] [tomcat-handler-176] o.s.security.web.FilterChainProxy        : Secured GET /api/vacancies?page=0&size=100
2026-06-30T07:20:53.628+07:00 DEBUG 2244 --- [mtp-hr-service] [tomcat-handler-178] o.s.security.web.FilterChainProxy        : Securing GET /api/clients?page=0&size=100
2026-06-30T07:20:53.635+07:00 DEBUG 2244 --- [mtp-hr-service] [tomcat-handler-179] o.s.security.web.FilterChainProxy        : Securing GET /api/placements?page=0&size=100
2026-06-30T07:20:53.639+07:00 DEBUG 2244 --- [mtp-hr-service] [tomcat-handler-180] o.s.security.web.FilterChainProxy        : Securing GET /api/employers?page=0&size=100
2026-06-30T07:20:53.645+07:00 DEBUG 2244 --- [mtp-hr-service] [tomcat-handler-182] o.s.security.web.FilterChainProxy        : Securing GET /api/lookups/positions
2026-06-30T07:20:53.645+07:00 DEBUG 2244 --- [mtp-hr-service] [tomcat-handler-181] o.s.security.web.FilterChainProxy        : Securing GET /api/lookups/departments
2026-06-30T07:20:53.724+07:00 DEBUG 2244 --- [mtp-hr-service] [tomcat-handler-178] o.s.security.web.FilterChainProxy        : Secured GET /api/clients?page=0&size=100
2026-06-30T07:20:53.736+07:00 DEBUG 2244 --- [mtp-hr-service] [tomcat-handler-182] o.s.security.web.FilterChainProxy        : Secured GET /api/lookups/positions
2026-06-30T07:20:53.767+07:00 DEBUG 2244 --- [mtp-hr-service] [tomcat-handler-179] o.s.security.web.FilterChainProxy        : Secured GET /api/placements?page=0&size=100
2026-06-30T07:20:53.767+07:00 DEBUG 2244 --- [mtp-hr-service] [tomcat-handler-180] o.s.security.web.FilterChainProxy        : Secured GET /api/employers?page=0&size=100
2026-06-30T07:20:53.779+07:00 DEBUG 2244 --- [mtp-hr-service] [tomcat-handler-181] o.s.security.web.FilterChainProxy        : Secured GET /api/lookups/departments
2026-06-30T07:20:53.953+07:00 DEBUG 2244 --- [mtp-hr-service] [tomcat-handler-183] o.s.security.web.FilterChainProxy        : Securing GET /api/tickets
2026-06-30T07:20:53.966+07:00 DEBUG 2244 --- [mtp-hr-service] [tomcat-handler-184] o.s.security.web.FilterChainProxy        : Securing GET /api/lookups/expected-supports
2026-06-30T07:20:53.966+07:00 DEBUG 2244 --- [mtp-hr-service] [tomcat-handler-185] o.s.security.web.FilterChainProxy        : Securing GET /api/lookups/ticket-types
2026-06-30T07:20:53.977+07:00 DEBUG 2244 --- [mtp-hr-service] [tomcat-handler-186] o.s.security.web.FilterChainProxy        : Securing GET /api/assessments
2026-06-30T07:20:53.979+07:00 DEBUG 2244 --- [mtp-hr-service] [tomcat-handler-187] o.s.security.web.FilterChainProxy        : Securing GET /api/users
2026-06-30T07:20:54.073+07:00 DEBUG 2244 --- [mtp-hr-service] [tomcat-handler-183] o.s.security.web.FilterChainProxy        : Secured GET /api/tickets
2026-06-30T07:20:54.080+07:00 DEBUG 2244 --- [mtp-hr-service] [tomcat-handler-187] o.s.security.web.FilterChainProxy        : Secured GET /api/users
2026-06-30T07:20:54.081+07:00 DEBUG 2244 --- [mtp-hr-service] [tomcat-handler-187] horizationManagerBeforeMethodInterceptor : Authorizing method invocation ReflectiveMethodInvocation: public org.springframework.http.ResponseEntity com.mtp.api.controllers.UserController.getAllUsers(); target is of class [com.mtp.api.controllers.UserController]
2026-06-30T07:20:54.081+07:00 DEBUG 2244 --- [mtp-hr-service] [tomcat-handler-187] horizationManagerBeforeMethodInterceptor : Authorized method invocation ReflectiveMethodInvocation: public org.springframework.http.ResponseEntity com.mtp.api.controllers.UserController.getAllUsers(); target is of class [com.mtp.api.controllers.UserController]
2026-06-30T07:20:54.110+07:00 DEBUG 2244 --- [mtp-hr-service] [tomcat-handler-185] o.s.security.web.FilterChainProxy        : Secured GET /api/lookups/ticket-types
2026-06-30T07:20:54.125+07:00 DEBUG 2244 --- [mtp-hr-service] [tomcat-handler-184] o.s.security.web.FilterChainProxy        : Secured GET /api/lookups/expected-supports
2026-06-30T07:20:54.129+07:00 DEBUG 2244 --- [mtp-hr-service] [tomcat-handler-186] o.s.security.web.FilterChainProxy        : Secured GET /api/assessments
2026-06-30T07:20:54.130+07:00 DEBUG 2244 --- [mtp-hr-service] [tomcat-handler-188] o.s.security.web.FilterChainProxy        : Securing GET /api/employees?page=0&size=1000
2026-06-30T07:20:54.257+07:00 DEBUG 2244 --- [mtp-hr-service] [tomcat-handler-188] o.s.security.web.FilterChainProxy        : Secured GET /api/employees?page=0&size=1000
2026-06-30T07:20:54.300+07:00 DEBUG 2244 --- [mtp-hr-service] [tomcat-handler-189] o.s.security.web.FilterChainProxy        : Securing GET /api/tickets
2026-06-30T07:20:54.308+07:00 DEBUG 2244 --- [mtp-hr-service] [tomcat-handler-190] o.s.security.web.FilterChainProxy        : Securing GET /api/lookups/ticket-types
2026-06-30T07:20:54.312+07:00 DEBUG 2244 --- [mtp-hr-service] [tomcat-handler-192] o.s.security.web.FilterChainProxy        : Securing GET /api/lookups/expected-supports
2026-06-30T07:20:54.312+07:00 DEBUG 2244 --- [mtp-hr-service] [tomcat-handler-191] o.s.security.web.FilterChainProxy        : Securing GET /api/assessments
2026-06-30T07:20:54.393+07:00 DEBUG 2244 --- [mtp-hr-service] [tomcat-handler-193] o.s.security.web.FilterChainProxy        : Securing GET /api/users
2026-06-30T07:20:54.412+07:00 DEBUG 2244 --- [mtp-hr-service] [tomcat-handler-192] o.s.security.web.FilterChainProxy        : Secured GET /api/lookups/expected-supports
2026-06-30T07:20:54.412+07:00 DEBUG 2244 --- [mtp-hr-service] [tomcat-handler-189] o.s.security.web.FilterChainProxy        : Secured GET /api/tickets
2026-06-30T07:20:54.419+07:00 DEBUG 2244 --- [mtp-hr-service] [tomcat-handler-191] o.s.security.web.FilterChainProxy        : Secured GET /api/assessments
2026-06-30T07:20:54.427+07:00 DEBUG 2244 --- [mtp-hr-service] [tomcat-handler-190] o.s.security.web.FilterChainProxy        : Secured GET /api/lookups/ticket-types
2026-06-30T07:20:54.439+07:00 DEBUG 2244 --- [mtp-hr-service] [tomcat-handler-194] o.s.security.web.FilterChainProxy        : Securing GET /api/employees?page=0&size=1000
2026-06-30T07:20:54.513+07:00 DEBUG 2244 --- [mtp-hr-service] [tomcat-handler-193] o.s.security.web.FilterChainProxy        : Secured GET /api/users
2026-06-30T07:20:54.516+07:00 DEBUG 2244 --- [mtp-hr-service] [tomcat-handler-193] horizationManagerBeforeMethodInterceptor : Authorizing method invocation ReflectiveMethodInvocation: public org.springframework.http.ResponseEntity com.mtp.api.controllers.UserController.getAllUsers(); target is of class [com.mtp.api.controllers.UserController]
2026-06-30T07:20:54.517+07:00 DEBUG 2244 --- [mtp-hr-service] [tomcat-handler-193] horizationManagerBeforeMethodInterceptor : Authorized method invocation ReflectiveMethodInvocation: public org.springframework.http.ResponseEntity com.mtp.api.controllers.UserController.getAllUsers(); target is of class [com.mtp.api.controllers.UserController]
2026-06-30T07:20:54.546+07:00 DEBUG 2244 --- [mtp-hr-service] [tomcat-handler-194] o.s.security.web.FilterChainProxy        : Secured GET /api/employees?page=0&size=1000
2026-06-30T07:20:58.809+07:00  WARN 2244 --- [mtp-hr-service] [tomcat-handler-183] c.m.api.config.PerformanceMonitorAspect  : SLOW_API | SupportTicketController.getAll() | 4735ms — consider adding @Cacheable or pagination
2026-06-30T07:20:59.128+07:00  WARN 2244 --- [mtp-hr-service] [tomcat-handler-189] c.m.api.config.PerformanceMonitorAspect  : SLOW_API | SupportTicketController.getAll() | 4714ms — consider adding @Cacheable or pagination
2026-06-30T07:20:59.577+07:00 ERROR 2244 --- [mtp-hr-service] [MessageBroker-4] c.m.a.s.impl.AttendanceServiceImpl       : Hardware Protocol Error [192.168.5.10]: Receive timed out
2026-06-30T07:20:59.609+07:00  INFO 2244 --- [mtp-hr-service] [MessageBroker-4] c.m.a.s.impl.AttendanceServiceImpl       : System Employee ID Samples: [101, 102, 103, USR-admin@mtp.com, USR-superadmin@mloptapang.org, EMP-2026-0012]
2026-06-30T07:20:59.615+07:00  INFO 2244 --- [mtp-hr-service] [MessageBroker-4] c.m.a.s.impl.AttendanceServiceImpl       : Connecting to hardware node: 192.168.2.10
2026-06-30T07:20:59.615+07:00  INFO 2244 --- [mtp-hr-service] [MessageBroker-4] com.mtp.api.utils.ZkDeviceClient         : Fetching User Registry from hardware: 192.168.2.10
2026-06-30T07:20:59.648+07:00  INFO 2244 --- [mtp-hr-service] [MessageBroker-4] com.mtp.api.utils.ZkDeviceClient         : [ZK-Protocol] Session Locked & Confirmed: 28171
2026-06-30T07:20:59.679+07:00  INFO 2244 --- [mtp-hr-service] [MessageBroker-4] com.mtp.api.utils.ZkDeviceClient         : [ZK-Protocol] Probing user table: user...
2026-06-30T07:20:59.688+07:00  INFO 2244 --- [mtp-hr-service] [MessageBroker-4] com.mtp.api.utils.ZkDeviceClient         : [ZK-Protocol] Probing user table: USER_INFO...
2026-06-30T07:20:59.700+07:00  INFO 2244 --- [mtp-hr-service] [MessageBroker-4] com.mtp.api.utils.ZkDeviceClient         : [ZK-Protocol] Probing user table: person...
2026-06-30T07:20:59.710+07:00  INFO 2244 --- [mtp-hr-service] [MessageBroker-4] com.mtp.api.utils.ZkDeviceClient         : [ZK-Protocol] Modern user tables empty. Trying Streaming Legacy CMD_USER_RRQ...
2026-06-30T07:20:59.722+07:00  INFO 2244 --- [mtp-hr-service] [MessageBroker-4] com.mtp.api.utils.ZkDeviceClient         : [ZK-Protocol] UDP failed. Attempting TCP fallback for User List...
2026-06-30T07:20:59.755+07:00  INFO 2244 --- [mtp-hr-service] [MessageBroker-4] c.m.a.s.impl.AttendanceServiceImpl       : [ZK-Registry] Found 0 names on hardware.
2026-06-30T07:21:00.303+07:00  INFO 2244 --- [mtp-hr-service] [MessageBroker-4] com.mtp.api.utils.ZkDeviceClient         : [ZK-Protocol] Session Locked & Confirmed: 28172
2026-06-30T07:21:00.330+07:00  INFO 2244 --- [mtp-hr-service] [MessageBroker-4] com.mtp.api.utils.ZkDeviceClient         : [ZK-Protocol] Using Legacy CMD_ATTLOG_RRQ for hardware compatibility...
2026-06-30T07:21:00.337+07:00  INFO 2244 --- [mtp-hr-service] [MessageBroker-4] com.mtp.api.utils.ZkDeviceClient         : [ZK-Protocol] UDP stream returned no legacy data. Probing modern attlog table...
2026-06-30T07:21:00.370+07:00  INFO 2244 --- [mtp-hr-service] [MessageBroker-4] c.m.a.s.impl.AttendanceServiceImpl       : No new logs found on device: 192.168.2.10
2026-06-30T07:25:50.454+07:00  INFO 2244 --- [mtp-hr-service] [AsyncResolver-bootstrap-executor-%d] c.n.d.s.r.aws.ConfigClusterResolver      : Resolving eureka endpoints via configuration
2026-06-30T07:30:50.455+07:00  INFO 2244 --- [mtp-hr-service] [AsyncResolver-bootstrap-executor-%d] c.n.d.s.r.aws.ConfigClusterResolver      : Resolving eureka endpoints via configuration
2026-06-30T07:35:50.456+07:00  INFO 2244 --- [mtp-hr-service] [AsyncResolver-bootstrap-executor-%d] c.n.d.s.r.aws.ConfigClusterResolver      : Resolving eureka endpoints via configuration
2026-06-30T07:35:51.010+07:00  INFO 2244 --- [mtp-hr-service] [MessageBroker-2] c.m.a.s.impl.AttendanceServiceImpl       : [ZK-AutoSync] Waking up to process 3 hardware nodes...
2026-06-30T07:35:51.018+07:00  INFO 2244 --- [mtp-hr-service] [MessageBroker-2] c.m.a.s.impl.AttendanceServiceImpl       : System Employee ID Samples: [101, 102, 103, USR-admin@mtp.com, USR-superadmin@mloptapang.org, EMP-2026-0012]
2026-06-30T07:35:51.022+07:00  INFO 2244 --- [mtp-hr-service] [MessageBroker-2] c.m.a.s.impl.AttendanceServiceImpl       : Connecting to hardware node: 192.168.2.10
2026-06-30T07:35:51.022+07:00  INFO 2244 --- [mtp-hr-service] [MessageBroker-2] com.mtp.api.utils.ZkDeviceClient         : Fetching User Registry from hardware: 192.168.2.10
2026-06-30T07:35:51.048+07:00  INFO 2244 --- [mtp-hr-service] [MessageBroker-2] com.mtp.api.utils.ZkDeviceClient         : [ZK-Protocol] Session Locked & Confirmed: 29062
2026-06-30T07:35:51.075+07:00  INFO 2244 --- [mtp-hr-service] [MessageBroker-2] com.mtp.api.utils.ZkDeviceClient         : [ZK-Protocol] Probing user table: user...
2026-06-30T07:35:51.091+07:00  INFO 2244 --- [mtp-hr-service] [MessageBroker-2] com.mtp.api.utils.ZkDeviceClient         : [ZK-Protocol] Probing user table: USER_INFO...
2026-06-30T07:35:51.101+07:00  INFO 2244 --- [mtp-hr-service] [MessageBroker-2] com.mtp.api.utils.ZkDeviceClient         : [ZK-Protocol] Probing user table: person...
2026-06-30T07:35:51.112+07:00  INFO 2244 --- [mtp-hr-service] [MessageBroker-2] com.mtp.api.utils.ZkDeviceClient         : [ZK-Protocol] Modern user tables empty. Trying Streaming Legacy CMD_USER_RRQ...
2026-06-30T07:35:51.124+07:00  INFO 2244 --- [mtp-hr-service] [MessageBroker-2] com.mtp.api.utils.ZkDeviceClient         : [ZK-Protocol] UDP failed. Attempting TCP fallback for User List...
2026-06-30T07:35:51.156+07:00  INFO 2244 --- [mtp-hr-service] [MessageBroker-2] c.m.a.s.impl.AttendanceServiceImpl       : [ZK-Registry] Found 0 names on hardware.
2026-06-30T07:35:51.267+07:00  INFO 2244 --- [mtp-hr-service] [MessageBroker-2] com.mtp.api.utils.ZkDeviceClient         : [ZK-Protocol] Session Locked & Confirmed: 29063
2026-06-30T07:35:51.307+07:00  INFO 2244 --- [mtp-hr-service] [MessageBroker-2] com.mtp.api.utils.ZkDeviceClient         : [ZK-Protocol] Using Legacy CMD_ATTLOG_RRQ for hardware compatibility...
2026-06-30T07:35:51.318+07:00  INFO 2244 --- [mtp-hr-service] [MessageBroker-2] com.mtp.api.utils.ZkDeviceClient         : [ZK-Protocol] UDP stream returned no legacy data. Probing modern attlog table...
2026-06-30T07:35:51.350+07:00  INFO 2244 --- [mtp-hr-service] [MessageBroker-2] c.m.a.s.impl.AttendanceServiceImpl       : No new logs found on device: 192.168.2.10
2026-06-30T07:35:51.368+07:00  INFO 2244 --- [mtp-hr-service] [MessageBroker-2] c.m.a.s.impl.AttendanceServiceImpl       : System Employee ID Samples: [101, 102, 103, USR-admin@mtp.com, USR-superadmin@mloptapang.org, EMP-2026-0012]
2026-06-30T07:35:51.370+07:00  INFO 2244 --- [mtp-hr-service] [MessageBroker-2] c.m.a.s.impl.AttendanceServiceImpl       : Connecting to hardware node: 192.168.5.10
2026-06-30T07:35:51.370+07:00  INFO 2244 --- [mtp-hr-service] [MessageBroker-2] com.mtp.api.utils.ZkDeviceClient         : Fetching User Registry from hardware: 192.168.5.10
2026-06-30T07:35:59.378+07:00 ERROR 2244 --- [mtp-hr-service] [MessageBroker-2] c.m.a.s.impl.AttendanceServiceImpl       : Hardware Protocol Error [192.168.5.10]: Receive timed out
2026-06-30T07:35:59.388+07:00  INFO 2244 --- [mtp-hr-service] [MessageBroker-2] c.m.a.s.impl.AttendanceServiceImpl       : System Employee ID Samples: [101, 102, 103, USR-admin@mtp.com, USR-superadmin@mloptapang.org, EMP-2026-0012]
2026-06-30T07:35:59.390+07:00  INFO 2244 --- [mtp-hr-service] [MessageBroker-2] c.m.a.s.impl.AttendanceServiceImpl       : Connecting to hardware node: 192.168.2.10
2026-06-30T07:35:59.390+07:00  INFO 2244 --- [mtp-hr-service] [MessageBroker-2] com.mtp.api.utils.ZkDeviceClient         : Fetching User Registry from hardware: 192.168.2.10
2026-06-30T07:35:59.414+07:00  INFO 2244 --- [mtp-hr-service] [MessageBroker-2] com.mtp.api.utils.ZkDeviceClient         : [ZK-Protocol] Session Locked & Confirmed: 29071
2026-06-30T07:35:59.443+07:00  INFO 2244 --- [mtp-hr-service] [MessageBroker-2] com.mtp.api.utils.ZkDeviceClient         : [ZK-Protocol] Probing user table: user...
2026-06-30T07:35:59.454+07:00  INFO 2244 --- [mtp-hr-service] [MessageBroker-2] com.mtp.api.utils.ZkDeviceClient         : [ZK-Protocol] Probing user table: USER_INFO...
2026-06-30T07:35:59.466+07:00  INFO 2244 --- [mtp-hr-service] [MessageBroker-2] com.mtp.api.utils.ZkDeviceClient         : [ZK-Protocol] Probing user table: person...
2026-06-30T07:35:59.475+07:00  INFO 2244 --- [mtp-hr-service] [MessageBroker-2] com.mtp.api.utils.ZkDeviceClient         : [ZK-Protocol] Modern user tables empty. Trying Streaming Legacy CMD_USER_RRQ...
2026-06-30T07:35:59.486+07:00  INFO 2244 --- [mtp-hr-service] [MessageBroker-2] com.mtp.api.utils.ZkDeviceClient         : [ZK-Protocol] UDP failed. Attempting TCP fallback for User List...
2026-06-30T07:35:59.518+07:00  INFO 2244 --- [mtp-hr-service] [MessageBroker-2] c.m.a.s.impl.AttendanceServiceImpl       : [ZK-Registry] Found 0 names on hardware.
2026-06-30T07:36:00.256+07:00  INFO 2244 --- [mtp-hr-service] [MessageBroker-2] com.mtp.api.utils.ZkDeviceClient         : [ZK-Protocol] Session Locked & Confirmed: 29072
2026-06-30T07:36:00.296+07:00  INFO 2244 --- [mtp-hr-service] [MessageBroker-2] com.mtp.api.utils.ZkDeviceClient         : [ZK-Protocol] Using Legacy CMD_ATTLOG_RRQ for hardware compatibility...
2026-06-30T07:36:00.309+07:00  INFO 2244 --- [mtp-hr-service] [MessageBroker-2] com.mtp.api.utils.ZkDeviceClient         : [ZK-Protocol] UDP stream returned no legacy data. Probing modern attlog table...
2026-06-30T07:36:00.342+07:00  INFO 2244 --- [mtp-hr-service] [MessageBroker-2] c.m.a.s.impl.AttendanceServiceImpl       : No new logs found on device: 192.168.2.10
2026-06-30T07:36:50.248+07:00  INFO 2244 --- [mtp-hr-service] [MessageBroker-5] o.s.w.s.c.WebSocketMessageBrokerStats    : WebSocketSession[1 current WS(1)-HttpStream(0)-HttpPoll(0), 2 total, 0 closed abnormally (0 connect failure, 0 send limit, 0 transport error)], stompSubProtocol[processed CONNECT(2)-CONNECTED(2)-DISCONNECT(0)], stompBrokerRelay[null], inboundChannel[pool size = 0, active threads = 0, queued tasks = 0, completed tasks = 252], outboundChannel[pool size = 0, active threads = 0, queued tasks = 0, completed tasks = 5], sockJsScheduler[pool size = 8, active threads = 1, queued tasks = 6, completed tasks = 411]
2026-06-30T07:40:50.457+07:00  INFO 2244 --- [mtp-hr-service] [AsyncResolver-bootstrap-executor-%d] c.n.d.s.r.aws.ConfigClusterResolver      : Resolving eureka endpoints via configuration
2026-06-30T07:45:50.458+07:00  INFO 2244 --- [mtp-hr-service] [AsyncResolver-bootstrap-executor-%d] c.n.d.s.r.aws.ConfigClusterResolver      : Resolving eureka endpoints via configuration
2026-06-30T07:50:50.461+07:00  INFO 2244 --- [mtp-hr-service] [AsyncResolver-bootstrap-executor-%d] c.n.d.s.r.aws.ConfigClusterResolver      : Resolving eureka endpoints via configuration
2026-06-30T07:50:51.013+07:00  INFO 2244 --- [mtp-hr-service] [MessageBroker-3] c.m.a.s.impl.AttendanceServiceImpl       : [ZK-AutoSync] Waking up to process 3 hardware nodes...
2026-06-30T07:50:51.020+07:00  INFO 2244 --- [mtp-hr-service] [MessageBroker-3] c.m.a.s.impl.AttendanceServiceImpl       : System Employee ID Samples: [101, 102, 103, USR-admin@mtp.com, USR-superadmin@mloptapang.org, EMP-2026-0012]
2026-06-30T07:50:51.023+07:00  INFO 2244 --- [mtp-hr-service] [MessageBroker-3] c.m.a.s.impl.AttendanceServiceImpl       : Connecting to hardware node: 192.168.2.10
2026-06-30T07:50:51.023+07:00  INFO 2244 --- [mtp-hr-service] [MessageBroker-3] com.mtp.api.utils.ZkDeviceClient         : Fetching User Registry from hardware: 192.168.2.10
2026-06-30T07:50:51.062+07:00  INFO 2244 --- [mtp-hr-service] [MessageBroker-3] com.mtp.api.utils.ZkDeviceClient         : [ZK-Protocol] Session Locked & Confirmed: 29962
2026-06-30T07:50:51.099+07:00  INFO 2244 --- [mtp-hr-service] [MessageBroker-3] com.mtp.api.utils.ZkDeviceClient         : [ZK-Protocol] Probing user table: user...
2026-06-30T07:50:51.110+07:00  INFO 2244 --- [mtp-hr-service] [MessageBroker-3] com.mtp.api.utils.ZkDeviceClient         : [ZK-Protocol] Probing user table: USER_INFO...
2026-06-30T07:50:51.130+07:00  INFO 2244 --- [mtp-hr-service] [MessageBroker-3] com.mtp.api.utils.ZkDeviceClient         : [ZK-Protocol] Probing user table: person...
2026-06-30T07:50:51.142+07:00  INFO 2244 --- [mtp-hr-service] [MessageBroker-3] com.mtp.api.utils.ZkDeviceClient         : [ZK-Protocol] Modern user tables empty. Trying Streaming Legacy CMD_USER_RRQ...
2026-06-30T07:50:51.155+07:00  INFO 2244 --- [mtp-hr-service] [MessageBroker-3] com.mtp.api.utils.ZkDeviceClient         : [ZK-Protocol] UDP failed. Attempting TCP fallback for User List...
2026-06-30T07:50:51.190+07:00  INFO 2244 --- [mtp-hr-service] [MessageBroker-3] c.m.a.s.impl.AttendanceServiceImpl       : [ZK-Registry] Found 0 names on hardware.
2026-06-30T07:50:51.238+07:00  INFO 2244 --- [mtp-hr-service] [MessageBroker-3] com.mtp.api.utils.ZkDeviceClient         : [ZK-Protocol] Session Locked & Confirmed: 29963
2026-06-30T07:50:51.280+07:00  INFO 2244 --- [mtp-hr-service] [MessageBroker-3] com.mtp.api.utils.ZkDeviceClient         : [ZK-Protocol] Using Legacy CMD_ATTLOG_RRQ for hardware compatibility...
2026-06-30T07:50:51.288+07:00  INFO 2244 --- [mtp-hr-service] [MessageBroker-3] com.mtp.api.utils.ZkDeviceClient         : [ZK-Protocol] UDP stream returned no legacy data. Probing modern attlog table...
2026-06-30T07:50:51.320+07:00  INFO 2244 --- [mtp-hr-service] [MessageBroker-3] c.m.a.s.impl.AttendanceServiceImpl       : No new logs found on device: 192.168.2.10
2026-06-30T07:50:51.354+07:00  INFO 2244 --- [mtp-hr-service] [MessageBroker-3] c.m.a.s.impl.AttendanceServiceImpl       : System Employee ID Samples: [101, 102, 103, USR-admin@mtp.com, USR-superadmin@mloptapang.org, EMP-2026-0012]
2026-06-30T07:50:51.355+07:00  INFO 2244 --- [mtp-hr-service] [MessageBroker-3] c.m.a.s.impl.AttendanceServiceImpl       : Connecting to hardware node: 192.168.5.10
2026-06-30T07:50:51.355+07:00  INFO 2244 --- [mtp-hr-service] [MessageBroker-3] com.mtp.api.utils.ZkDeviceClient         : Fetching User Registry from hardware: 192.168.5.10
2026-06-30T07:50:59.359+07:00 ERROR 2244 --- [mtp-hr-service] [MessageBroker-3] c.m.a.s.impl.AttendanceServiceImpl       : Hardware Protocol Error [192.168.5.10]: Receive timed out
2026-06-30T07:50:59.364+07:00  INFO 2244 --- [mtp-hr-service] [MessageBroker-3] c.m.a.s.impl.AttendanceServiceImpl       : System Employee ID Samples: [101, 102, 103, USR-admin@mtp.com, USR-superadmin@mloptapang.org, EMP-2026-0012]
2026-06-30T07:50:59.365+07:00  INFO 2244 --- [mtp-hr-service] [MessageBroker-3] c.m.a.s.impl.AttendanceServiceImpl       : Connecting to hardware node: 192.168.2.10
2026-06-30T07:50:59.365+07:00  INFO 2244 --- [mtp-hr-service] [MessageBroker-3] com.mtp.api.utils.ZkDeviceClient         : Fetching User Registry from hardware: 192.168.2.10
2026-06-30T07:50:59.413+07:00  INFO 2244 --- [mtp-hr-service] [MessageBroker-3] com.mtp.api.utils.ZkDeviceClient         : [ZK-Protocol] Session Locked & Confirmed: 29971
2026-06-30T07:50:59.436+07:00  INFO 2244 --- [mtp-hr-service] [MessageBroker-3] com.mtp.api.utils.ZkDeviceClient         : [ZK-Protocol] Probing user table: user...
2026-06-30T07:50:59.446+07:00  INFO 2244 --- [mtp-hr-service] [MessageBroker-3] com.mtp.api.utils.ZkDeviceClient         : [ZK-Protocol] Probing user table: USER_INFO...
2026-06-30T07:50:59.458+07:00  INFO 2244 --- [mtp-hr-service] [MessageBroker-3] com.mtp.api.utils.ZkDeviceClient         : [ZK-Protocol] Probing user table: person...
2026-06-30T07:50:59.468+07:00  INFO 2244 --- [mtp-hr-service] [MessageBroker-3] com.mtp.api.utils.ZkDeviceClient         : [ZK-Protocol] Modern user tables empty. Trying Streaming Legacy CMD_USER_RRQ...
2026-06-30T07:50:59.478+07:00  INFO 2244 --- [mtp-hr-service] [MessageBroker-3] com.mtp.api.utils.ZkDeviceClient         : [ZK-Protocol] UDP failed. Attempting TCP fallback for User List...
2026-06-30T07:51:00.523+07:00  INFO 2244 --- [mtp-hr-service] [MessageBroker-3] c.m.a.s.impl.AttendanceServiceImpl       : [ZK-Registry] Found 0 names on hardware.
2026-06-30T07:51:00.549+07:00  INFO 2244 --- [mtp-hr-service] [MessageBroker-3] com.mtp.api.utils.ZkDeviceClient         : [ZK-Protocol] Session Locked & Confirmed: 29972
2026-06-30T07:51:00.588+07:00  INFO 2244 --- [mtp-hr-service] [MessageBroker-3] com.mtp.api.utils.ZkDeviceClient         : [ZK-Protocol] Using Legacy CMD_ATTLOG_RRQ for hardware compatibility...
2026-06-30T07:51:00.600+07:00  INFO 2244 --- [mtp-hr-service] [MessageBroker-3] com.mtp.api.utils.ZkDeviceClient         : [ZK-Protocol] UDP stream returned no legacy data. Probing modern attlog table...
2026-06-30T07:51:00.645+07:00  INFO 2244 --- [mtp-hr-service] [MessageBroker-3] c.m.a.s.impl.AttendanceServiceImpl       : No new logs found on device: 192.168.2.10
2026-06-30T07:55:50.462+07:00  INFO 2244 --- [mtp-hr-service] [AsyncResolver-bootstrap-executor-%d] c.n.d.s.r.aws.ConfigClusterResolver      : Resolving eureka endpoints via configuration
2026-06-30T08:00:00.001+07:00  INFO 2244 --- [mtp-hr-service] [MessageBroker-7] c.m.a.schedulers.SupportTicketScheduler  : Running SupportTicketScheduler to auto-close resolved tickets...
2026-06-30T08:00:50.463+07:00  INFO 2244 --- [mtp-hr-service] [AsyncResolver-bootstrap-executor-%d] c.n.d.s.r.aws.ConfigClusterResolver      : Resolving eureka endpoints via configuration
2026-06-30T08:05:50.464+07:00  INFO 2244 --- [mtp-hr-service] [AsyncResolver-bootstrap-executor-%d] c.n.d.s.r.aws.ConfigClusterResolver      : Resolving eureka endpoints via configuration
2026-06-30T08:05:51.010+07:00  INFO 2244 --- [mtp-hr-service] [MessageBroker-1] c.m.a.s.impl.AttendanceServiceImpl       : [ZK-AutoSync] Waking up to process 3 hardware nodes...
2026-06-30T08:05:51.020+07:00  INFO 2244 --- [mtp-hr-service] [MessageBroker-1] c.m.a.s.impl.AttendanceServiceImpl       : System Employee ID Samples: [101, 102, 103, USR-admin@mtp.com, USR-superadmin@mloptapang.org, EMP-2026-0012]
2026-06-30T08:05:51.025+07:00  INFO 2244 --- [mtp-hr-service] [MessageBroker-1] c.m.a.s.impl.AttendanceServiceImpl       : Connecting to hardware node: 192.168.2.10
2026-06-30T08:05:51.025+07:00  INFO 2244 --- [mtp-hr-service] [MessageBroker-1] com.mtp.api.utils.ZkDeviceClient         : Fetching User Registry from hardware: 192.168.2.10
2026-06-30T08:05:51.075+07:00  INFO 2244 --- [mtp-hr-service] [MessageBroker-1] com.mtp.api.utils.ZkDeviceClient         : [ZK-Protocol] Session Locked & Confirmed: 30862
2026-06-30T08:05:51.103+07:00  INFO 2244 --- [mtp-hr-service] [MessageBroker-1] com.mtp.api.utils.ZkDeviceClient         : [ZK-Protocol] Probing user table: user...
2026-06-30T08:05:51.113+07:00  INFO 2244 --- [mtp-hr-service] [MessageBroker-1] com.mtp.api.utils.ZkDeviceClient         : [ZK-Protocol] Probing user table: USER_INFO...
2026-06-30T08:05:51.124+07:00  INFO 2244 --- [mtp-hr-service] [MessageBroker-1] com.mtp.api.utils.ZkDeviceClient         : [ZK-Protocol] Probing user table: person...
2026-06-30T08:05:51.135+07:00  INFO 2244 --- [mtp-hr-service] [MessageBroker-1] com.mtp.api.utils.ZkDeviceClient         : [ZK-Protocol] Modern user tables empty. Trying Streaming Legacy CMD_USER_RRQ...
2026-06-30T08:05:51.151+07:00  INFO 2244 --- [mtp-hr-service] [MessageBroker-1] com.mtp.api.utils.ZkDeviceClient         : [ZK-Protocol] UDP failed. Attempting TCP fallback for User List...
2026-06-30T08:05:51.190+07:00  INFO 2244 --- [mtp-hr-service] [MessageBroker-1] c.m.a.s.impl.AttendanceServiceImpl       : [ZK-Registry] Found 0 names on hardware.
2026-06-30T08:05:51.218+07:00  INFO 2244 --- [mtp-hr-service] [MessageBroker-1] com.mtp.api.utils.ZkDeviceClient         : [ZK-Protocol] Session Locked & Confirmed: 30863
2026-06-30T08:05:51.260+07:00  INFO 2244 --- [mtp-hr-service] [MessageBroker-1] com.mtp.api.utils.ZkDeviceClient         : [ZK-Protocol] Using Legacy CMD_ATTLOG_RRQ for hardware compatibility...
2026-06-30T08:05:51.274+07:00  INFO 2244 --- [mtp-hr-service] [MessageBroker-1] com.mtp.api.utils.ZkDeviceClient         : [ZK-Protocol] UDP stream returned no legacy data. Probing modern attlog table...
2026-06-30T08:05:51.313+07:00  INFO 2244 --- [mtp-hr-service] [MessageBroker-1] c.m.a.s.impl.AttendanceServiceImpl       : No new logs found on device: 192.168.2.10
2026-06-30T08:05:51.354+07:00  INFO 2244 --- [mtp-hr-service] [MessageBroker-1] c.m.a.s.impl.AttendanceServiceImpl       : System Employee ID Samples: [101, 102, 103, USR-admin@mtp.com, USR-superadmin@mloptapang.org, EMP-2026-0012]
2026-06-30T08:05:51.356+07:00  INFO 2244 --- [mtp-hr-service] [MessageBroker-1] c.m.a.s.impl.AttendanceServiceImpl       : Connecting to hardware node: 192.168.5.10
2026-06-30T08:05:51.356+07:00  INFO 2244 --- [mtp-hr-service] [MessageBroker-1] com.mtp.api.utils.ZkDeviceClient         : Fetching User Registry from hardware: 192.168.5.10
2026-06-30T08:05:59.378+07:00 ERROR 2244 --- [mtp-hr-service] [MessageBroker-1] c.m.a.s.impl.AttendanceServiceImpl       : Hardware Protocol Error [192.168.5.10]: Receive timed out
2026-06-30T08:05:59.384+07:00  INFO 2244 --- [mtp-hr-service] [MessageBroker-1] c.m.a.s.impl.AttendanceServiceImpl       : System Employee ID Samples: [101, 102, 103, USR-admin@mtp.com, USR-superadmin@mloptapang.org, EMP-2026-0012]
2026-06-30T08:05:59.386+07:00  INFO 2244 --- [mtp-hr-service] [MessageBroker-1] c.m.a.s.impl.AttendanceServiceImpl       : Connecting to hardware node: 192.168.2.10
2026-06-30T08:05:59.386+07:00  INFO 2244 --- [mtp-hr-service] [MessageBroker-1] com.mtp.api.utils.ZkDeviceClient         : Fetching User Registry from hardware: 192.168.2.10
2026-06-30T08:05:59.423+07:00  INFO 2244 --- [mtp-hr-service] [MessageBroker-1] com.mtp.api.utils.ZkDeviceClient         : [ZK-Protocol] Session Locked & Confirmed: 30871
2026-06-30T08:05:59.449+07:00  INFO 2244 --- [mtp-hr-service] [MessageBroker-1] com.mtp.api.utils.ZkDeviceClient         : [ZK-Protocol] Probing user table: user...
2026-06-30T08:05:59.469+07:00  INFO 2244 --- [mtp-hr-service] [MessageBroker-1] com.mtp.api.utils.ZkDeviceClient         : [ZK-Protocol] Probing user table: USER_INFO...
2026-06-30T08:05:59.515+07:00  INFO 2244 --- [mtp-hr-service] [MessageBroker-1] com.mtp.api.utils.ZkDeviceClient         : [ZK-Protocol] Probing user table: person...
2026-06-30T08:05:59.548+07:00  INFO 2244 --- [mtp-hr-service] [MessageBroker-1] com.mtp.api.utils.ZkDeviceClient         : [ZK-Protocol] Modern user tables empty. Trying Streaming Legacy CMD_USER_RRQ...
2026-06-30T08:05:59.576+07:00  INFO 2244 --- [mtp-hr-service] [MessageBroker-1] com.mtp.api.utils.ZkDeviceClient         : [ZK-Protocol] UDP failed. Attempting TCP fallback for User List...
2026-06-30T08:05:59.670+07:00  INFO 2244 --- [mtp-hr-service] [MessageBroker-1] c.m.a.s.impl.AttendanceServiceImpl       : [ZK-Registry] Found 0 names on hardware.
2026-06-30T08:06:00.182+07:00  INFO 2244 --- [mtp-hr-service] [MessageBroker-1] com.mtp.api.utils.ZkDeviceClient         : [ZK-Protocol] Session Locked & Confirmed: 30872
2026-06-30T08:06:00.211+07:00  INFO 2244 --- [mtp-hr-service] [MessageBroker-1] com.mtp.api.utils.ZkDeviceClient         : [ZK-Protocol] Using Legacy CMD_ATTLOG_RRQ for hardware compatibility...
2026-06-30T08:06:00.236+07:00  INFO 2244 --- [mtp-hr-service] [MessageBroker-1] com.mtp.api.utils.ZkDeviceClient         : [ZK-Protocol] UDP stream returned no legacy data. Probing modern attlog table...
2026-06-30T08:06:00.273+07:00  INFO 2244 --- [mtp-hr-service] [MessageBroker-1] c.m.a.s.impl.AttendanceServiceImpl       : No new logs found on device: 192.168.2.10
2026-06-30T08:06:50.250+07:00  INFO 2244 --- [mtp-hr-service] [MessageBroker-1] o.s.w.s.c.WebSocketMessageBrokerStats    : WebSocketSession[1 current WS(1)-HttpStream(0)-HttpPoll(0), 2 total, 0 closed abnormally (0 connect failure, 0 send limit, 0 transport error)], stompSubProtocol[processed CONNECT(2)-CONNECTED(2)-DISCONNECT(0)], stompBrokerRelay[null], inboundChannel[pool size = 0, active threads = 0, queued tasks = 0, completed tasks = 252], outboundChannel[pool size = 0, active threads = 0, queued tasks = 0, completed tasks = 5], sockJsScheduler[pool size = 8, active threads = 1, queued tasks = 6, completed tasks = 853]
2026-06-30T08:10:50.464+07:00  INFO 2244 --- [mtp-hr-service] [AsyncResolver-bootstrap-executor-%d] c.n.d.s.r.aws.ConfigClusterResolver      : Resolving eureka endpoints via configuration
2026-06-30T08:15:50.468+07:00  INFO 2244 --- [mtp-hr-service] [AsyncResolver-bootstrap-executor-%d] c.n.d.s.r.aws.ConfigClusterResolver      : Resolving eureka endpoints via configuration
2026-06-30T08:20:50.469+07:00  INFO 2244 --- [mtp-hr-service] [AsyncResolver-bootstrap-executor-%d] c.n.d.s.r.aws.ConfigClusterResolver      : Resolving eureka endpoints via configuration
2026-06-30T08:20:51.027+07:00  INFO 2244 --- [mtp-hr-service] [MessageBroker-3] c.m.a.s.impl.AttendanceServiceImpl       : [ZK-AutoSync] Waking up to process 3 hardware nodes...
2026-06-30T08:20:51.038+07:00  INFO 2244 --- [mtp-hr-service] [MessageBroker-3] c.m.a.s.impl.AttendanceServiceImpl       : System Employee ID Samples: [101, 102, 103, USR-admin@mtp.com, USR-superadmin@mloptapang.org, EMP-2026-0012]
2026-06-30T08:20:51.041+07:00  INFO 2244 --- [mtp-hr-service] [MessageBroker-3] c.m.a.s.impl.AttendanceServiceImpl       : Connecting to hardware node: 192.168.2.10
2026-06-30T08:20:51.041+07:00  INFO 2244 --- [mtp-hr-service] [MessageBroker-3] com.mtp.api.utils.ZkDeviceClient         : Fetching User Registry from hardware: 192.168.2.10
2026-06-30T08:20:51.083+07:00  INFO 2244 --- [mtp-hr-service] [MessageBroker-3] com.mtp.api.utils.ZkDeviceClient         : [ZK-Protocol] Session Locked & Confirmed: 31762
2026-06-30T08:20:51.114+07:00  INFO 2244 --- [mtp-hr-service] [MessageBroker-3] com.mtp.api.utils.ZkDeviceClient         : [ZK-Protocol] Probing user table: user...
2026-06-30T08:20:51.128+07:00  INFO 2244 --- [mtp-hr-service] [MessageBroker-3] com.mtp.api.utils.ZkDeviceClient         : [ZK-Protocol] Probing user table: USER_INFO...
2026-06-30T08:20:51.139+07:00  INFO 2244 --- [mtp-hr-service] [MessageBroker-3] com.mtp.api.utils.ZkDeviceClient         : [ZK-Protocol] Probing user table: person...
2026-06-30T08:20:51.155+07:00  INFO 2244 --- [mtp-hr-service] [MessageBroker-3] com.mtp.api.utils.ZkDeviceClient         : [ZK-Protocol] Modern user tables empty. Trying Streaming Legacy CMD_USER_RRQ...
2026-06-30T08:20:51.165+07:00  INFO 2244 --- [mtp-hr-service] [MessageBroker-3] com.mtp.api.utils.ZkDeviceClient         : [ZK-Protocol] UDP failed. Attempting TCP fallback for User List...
2026-06-30T08:20:51.197+07:00  INFO 2244 --- [mtp-hr-service] [MessageBroker-3] c.m.a.s.impl.AttendanceServiceImpl       : [ZK-Registry] Found 0 names on hardware.
2026-06-30T08:20:51.233+07:00  INFO 2244 --- [mtp-hr-service] [MessageBroker-3] com.mtp.api.utils.ZkDeviceClient         : [ZK-Protocol] Session Locked & Confirmed: 31763
2026-06-30T08:20:51.258+07:00  INFO 2244 --- [mtp-hr-service] [MessageBroker-3] com.mtp.api.utils.ZkDeviceClient         : [ZK-Protocol] Using Legacy CMD_ATTLOG_RRQ for hardware compatibility...
2026-06-30T08:20:51.270+07:00  INFO 2244 --- [mtp-hr-service] [MessageBroker-3] com.mtp.api.utils.ZkDeviceClient         : [ZK-Protocol] UDP stream returned no legacy data. Probing modern attlog table...
2026-06-30T08:20:51.302+07:00  INFO 2244 --- [mtp-hr-service] [MessageBroker-3] c.m.a.s.impl.AttendanceServiceImpl       : No new logs found on device: 192.168.2.10
2026-06-30T08:20:51.332+07:00  INFO 2244 --- [mtp-hr-service] [MessageBroker-3] c.m.a.s.impl.AttendanceServiceImpl       : System Employee ID Samples: [101, 102, 103, USR-admin@mtp.com, USR-superadmin@mloptapang.org, EMP-2026-0012]
2026-06-30T08:20:51.334+07:00  INFO 2244 --- [mtp-hr-service] [MessageBroker-3] c.m.a.s.impl.AttendanceServiceImpl       : Connecting to hardware node: 192.168.5.10
2026-06-30T08:20:51.334+07:00  INFO 2244 --- [mtp-hr-service] [MessageBroker-3] com.mtp.api.utils.ZkDeviceClient         : Fetching User Registry from hardware: 192.168.5.10
2026-06-30T08:20:59.340+07:00 ERROR 2244 --- [mtp-hr-service] [MessageBroker-3] c.m.a.s.impl.AttendanceServiceImpl       : Hardware Protocol Error [192.168.5.10]: Receive timed out
2026-06-30T08:20:59.343+07:00  INFO 2244 --- [mtp-hr-service] [MessageBroker-3] c.m.a.s.impl.AttendanceServiceImpl       : System Employee ID Samples: [101, 102, 103, USR-admin@mtp.com, USR-superadmin@mloptapang.org, EMP-2026-0012]
2026-06-30T08:20:59.344+07:00  INFO 2244 --- [mtp-hr-service] [MessageBroker-3] c.m.a.s.impl.AttendanceServiceImpl       : Connecting to hardware node: 192.168.2.10
2026-06-30T08:20:59.344+07:00  INFO 2244 --- [mtp-hr-service] [MessageBroker-3] com.mtp.api.utils.ZkDeviceClient         : Fetching User Registry from hardware: 192.168.2.10
2026-06-30T08:20:59.375+07:00  INFO 2244 --- [mtp-hr-service] [MessageBroker-3] com.mtp.api.utils.ZkDeviceClient         : [ZK-Protocol] Session Locked & Confirmed: 31771
2026-06-30T08:20:59.401+07:00  INFO 2244 --- [mtp-hr-service] [MessageBroker-3] com.mtp.api.utils.ZkDeviceClient         : [ZK-Protocol] Probing user table: user...
2026-06-30T08:20:59.412+07:00  INFO 2244 --- [mtp-hr-service] [MessageBroker-3] com.mtp.api.utils.ZkDeviceClient         : [ZK-Protocol] Probing user table: USER_INFO...
2026-06-30T08:20:59.426+07:00  INFO 2244 --- [mtp-hr-service] [MessageBroker-3] com.mtp.api.utils.ZkDeviceClient         : [ZK-Protocol] Probing user table: person...
2026-06-30T08:20:59.439+07:00  INFO 2244 --- [mtp-hr-service] [MessageBroker-3] com.mtp.api.utils.ZkDeviceClient         : [ZK-Protocol] Modern user tables empty. Trying Streaming Legacy CMD_USER_RRQ...
2026-06-30T08:20:59.454+07:00  INFO 2244 --- [mtp-hr-service] [MessageBroker-3] com.mtp.api.utils.ZkDeviceClient         : [ZK-Protocol] UDP failed. Attempting TCP fallback for User List...
2026-06-30T08:20:59.492+07:00  INFO 2244 --- [mtp-hr-service] [MessageBroker-3] c.m.a.s.impl.AttendanceServiceImpl       : [ZK-Registry] Found 0 names on hardware.
2026-06-30T08:21:00.149+07:00  INFO 2244 --- [mtp-hr-service] [MessageBroker-3] com.mtp.api.utils.ZkDeviceClient         : [ZK-Protocol] Session Locked & Confirmed: 31772
2026-06-30T08:21:00.182+07:00  INFO 2244 --- [mtp-hr-service] [MessageBroker-3] com.mtp.api.utils.ZkDeviceClient         : [ZK-Protocol] Using Legacy CMD_ATTLOG_RRQ for hardware compatibility...
2026-06-30T08:21:00.194+07:00  INFO 2244 --- [mtp-hr-service] [MessageBroker-3] com.mtp.api.utils.ZkDeviceClient         : [ZK-Protocol] UDP stream returned no legacy data. Probing modern attlog table...
2026-06-30T08:21:00.231+07:00  INFO 2244 --- [mtp-hr-service] [MessageBroker-3] c.m.a.s.impl.AttendanceServiceImpl       : No new logs found on device: 192.168.2.10
2026-06-30T08:25:50.471+07:00  INFO 2244 --- [mtp-hr-service] [AsyncResolver-bootstrap-executor-%d] c.n.d.s.r.aws.ConfigClusterResolver      : Resolving eureka endpoints via configuration
2026-06-30T08:30:50.472+07:00  INFO 2244 --- [mtp-hr-service] [AsyncResolver-bootstrap-executor-%d] c.n.d.s.r.aws.ConfigClusterResolver      : Resolving eureka endpoints via configuration
2026-06-30T08:35:50.474+07:00  INFO 2244 --- [mtp-hr-service] [AsyncResolver-bootstrap-executor-%d] c.n.d.s.r.aws.ConfigClusterResolver      : Resolving eureka endpoints via configuration
2026-06-30T08:35:51.018+07:00  INFO 2244 --- [mtp-hr-service] [MessageBroker-8] c.m.a.s.impl.AttendanceServiceImpl       : [ZK-AutoSync] Waking up to process 3 hardware nodes...
2026-06-30T08:35:51.040+07:00  INFO 2244 --- [mtp-hr-service] [MessageBroker-8] c.m.a.s.impl.AttendanceServiceImpl       : System Employee ID Samples: [101, 102, 103, USR-admin@mtp.com, USR-superadmin@mloptapang.org, EMP-2026-0012]
2026-06-30T08:35:51.043+07:00  INFO 2244 --- [mtp-hr-service] [MessageBroker-8] c.m.a.s.impl.AttendanceServiceImpl       : Connecting to hardware node: 192.168.2.10
2026-06-30T08:35:51.044+07:00  INFO 2244 --- [mtp-hr-service] [MessageBroker-8] com.mtp.api.utils.ZkDeviceClient         : Fetching User Registry from hardware: 192.168.2.10
2026-06-30T08:35:51.079+07:00  INFO 2244 --- [mtp-hr-service] [MessageBroker-8] com.mtp.api.utils.ZkDeviceClient         : [ZK-Protocol] Session Locked & Confirmed: 32662
2026-06-30T08:35:51.106+07:00  INFO 2244 --- [mtp-hr-service] [MessageBroker-8] com.mtp.api.utils.ZkDeviceClient         : [ZK-Protocol] Probing user table: user...
2026-06-30T08:35:51.124+07:00  INFO 2244 --- [mtp-hr-service] [MessageBroker-8] com.mtp.api.utils.ZkDeviceClient         : [ZK-Protocol] Probing user table: USER_INFO...
2026-06-30T08:35:51.136+07:00  INFO 2244 --- [mtp-hr-service] [MessageBroker-8] com.mtp.api.utils.ZkDeviceClient         : [ZK-Protocol] Probing user table: person...
2026-06-30T08:35:51.146+07:00  INFO 2244 --- [mtp-hr-service] [MessageBroker-8] com.mtp.api.utils.ZkDeviceClient         : [ZK-Protocol] Modern user tables empty. Trying Streaming Legacy CMD_USER_RRQ...
2026-06-30T08:35:51.158+07:00  INFO 2244 --- [mtp-hr-service] [MessageBroker-8] com.mtp.api.utils.ZkDeviceClient         : [ZK-Protocol] UDP failed. Attempting TCP fallback for User List...
2026-06-30T08:35:51.189+07:00  INFO 2244 --- [mtp-hr-service] [MessageBroker-8] c.m.a.s.impl.AttendanceServiceImpl       : [ZK-Registry] Found 0 names on hardware.
2026-06-30T08:35:51.216+07:00  INFO 2244 --- [mtp-hr-service] [MessageBroker-8] com.mtp.api.utils.ZkDeviceClient         : [ZK-Protocol] Session Locked & Confirmed: 32663
2026-06-30T08:35:51.243+07:00  INFO 2244 --- [mtp-hr-service] [MessageBroker-8] com.mtp.api.utils.ZkDeviceClient         : [ZK-Protocol] Using Legacy CMD_ATTLOG_RRQ for hardware compatibility...
2026-06-30T08:35:51.253+07:00  INFO 2244 --- [mtp-hr-service] [MessageBroker-8] com.mtp.api.utils.ZkDeviceClient         : [ZK-Protocol] UDP stream returned no legacy data. Probing modern attlog table...
2026-06-30T08:35:51.286+07:00  INFO 2244 --- [mtp-hr-service] [MessageBroker-8] c.m.a.s.impl.AttendanceServiceImpl       : No new logs found on device: 192.168.2.10
2026-06-30T08:35:51.314+07:00  INFO 2244 --- [mtp-hr-service] [MessageBroker-8] c.m.a.s.impl.AttendanceServiceImpl       : System Employee ID Samples: [101, 102, 103, USR-admin@mtp.com, USR-superadmin@mloptapang.org, EMP-2026-0012]
2026-06-30T08:35:51.316+07:00  INFO 2244 --- [mtp-hr-service] [MessageBroker-8] c.m.a.s.impl.AttendanceServiceImpl       : Connecting to hardware node: 192.168.5.10
2026-06-30T08:35:51.316+07:00  INFO 2244 --- [mtp-hr-service] [MessageBroker-8] com.mtp.api.utils.ZkDeviceClient         : Fetching User Registry from hardware: 192.168.5.10
2026-06-30T08:35:59.326+07:00 ERROR 2244 --- [mtp-hr-service] [MessageBroker-8] c.m.a.s.impl.AttendanceServiceImpl       : Hardware Protocol Error [192.168.5.10]: Receive timed out
2026-06-30T08:35:59.343+07:00  INFO 2244 --- [mtp-hr-service] [MessageBroker-8] c.m.a.s.impl.AttendanceServiceImpl       : System Employee ID Samples: [101, 102, 103, USR-admin@mtp.com, USR-superadmin@mloptapang.org, EMP-2026-0012]
2026-06-30T08:35:59.346+07:00  INFO 2244 --- [mtp-hr-service] [MessageBroker-8] c.m.a.s.impl.AttendanceServiceImpl       : Connecting to hardware node: 192.168.2.10
2026-06-30T08:35:59.346+07:00  INFO 2244 --- [mtp-hr-service] [MessageBroker-8] com.mtp.api.utils.ZkDeviceClient         : Fetching User Registry from hardware: 192.168.2.10
2026-06-30T08:35:59.398+07:00  INFO 2244 --- [mtp-hr-service] [MessageBroker-8] com.mtp.api.utils.ZkDeviceClient         : [ZK-Protocol] Session Locked & Confirmed: 32671
2026-06-30T08:35:59.429+07:00  INFO 2244 --- [mtp-hr-service] [MessageBroker-8] com.mtp.api.utils.ZkDeviceClient         : [ZK-Protocol] Probing user table: user...
2026-06-30T08:35:59.443+07:00  INFO 2244 --- [mtp-hr-service] [MessageBroker-8] com.mtp.api.utils.ZkDeviceClient         : [ZK-Protocol] Probing user table: USER_INFO...
2026-06-30T08:35:59.462+07:00  INFO 2244 --- [mtp-hr-service] [MessageBroker-8] com.mtp.api.utils.ZkDeviceClient         : [ZK-Protocol] Probing user table: person...
2026-06-30T08:35:59.475+07:00  INFO 2244 --- [mtp-hr-service] [MessageBroker-8] com.mtp.api.utils.ZkDeviceClient         : [ZK-Protocol] Modern user tables empty. Trying Streaming Legacy CMD_USER_RRQ...
2026-06-30T08:35:59.484+07:00  INFO 2244 --- [mtp-hr-service] [MessageBroker-8] com.mtp.api.utils.ZkDeviceClient         : [ZK-Protocol] UDP failed. Attempting TCP fallback for User List...
2026-06-30T08:35:59.517+07:00  INFO 2244 --- [mtp-hr-service] [MessageBroker-8] c.m.a.s.impl.AttendanceServiceImpl       : [ZK-Registry] Found 0 names on hardware.
2026-06-30T08:36:00.105+07:00  INFO 2244 --- [mtp-hr-service] [MessageBroker-8] com.mtp.api.utils.ZkDeviceClient         : [ZK-Protocol] Session Locked & Confirmed: 32672
2026-06-30T08:36:00.132+07:00  INFO 2244 --- [mtp-hr-service] [MessageBroker-8] com.mtp.api.utils.ZkDeviceClient         : [ZK-Protocol] Using Legacy CMD_ATTLOG_RRQ for hardware compatibility...
2026-06-30T08:36:00.142+07:00  INFO 2244 --- [mtp-hr-service] [MessageBroker-8] com.mtp.api.utils.ZkDeviceClient         : [ZK-Protocol] UDP stream returned no legacy data. Probing modern attlog table...
2026-06-30T08:36:00.176+07:00  INFO 2244 --- [mtp-hr-service] [MessageBroker-8] c.m.a.s.impl.AttendanceServiceImpl       : No new logs found on device: 192.168.2.10
2026-06-30T08:36:50.250+07:00  INFO 2244 --- [mtp-hr-service] [MessageBroker-5] o.s.w.s.c.WebSocketMessageBrokerStats    : WebSocketSession[1 current WS(1)-HttpStream(0)-HttpPoll(0), 2 total, 0 closed abnormally (0 connect failure, 0 send limit, 0 transport error)], stompSubProtocol[processed CONNECT(2)-CONNECTED(2)-DISCONNECT(0)], stompBrokerRelay[null], inboundChannel[pool size = 0, active threads = 0, queued tasks = 0, completed tasks = 252], outboundChannel[pool size = 0, active threads = 0, queued tasks = 0, completed tasks = 5], sockJsScheduler[pool size = 8, active threads = 1, queued tasks = 6, completed tasks = 1294]
2026-06-30T08:40:50.475+07:00  INFO 2244 --- [mtp-hr-service] [AsyncResolver-bootstrap-executor-%d] c.n.d.s.r.aws.ConfigClusterResolver      : Resolving eureka endpoints via configuration
2026-06-30T08:45:50.476+07:00  INFO 2244 --- [mtp-hr-service] [AsyncResolver-bootstrap-executor-%d] c.n.d.s.r.aws.ConfigClusterResolver      : Resolving eureka endpoints via configuration
2026-06-30T08:50:50.478+07:00  INFO 2244 --- [mtp-hr-service] [AsyncResolver-bootstrap-executor-%d] c.n.d.s.r.aws.ConfigClusterResolver      : Resolving eureka endpoints via configuration
2026-06-30T08:50:51.011+07:00  INFO 2244 --- [mtp-hr-service] [MessageBroker-3] c.m.a.s.impl.AttendanceServiceImpl       : [ZK-AutoSync] Waking up to process 3 hardware nodes...
2026-06-30T08:50:51.019+07:00  INFO 2244 --- [mtp-hr-service] [MessageBroker-3] c.m.a.s.impl.AttendanceServiceImpl       : System Employee ID Samples: [101, 102, 103, USR-admin@mtp.com, USR-superadmin@mloptapang.org, EMP-2026-0012]
2026-06-30T08:50:51.021+07:00  INFO 2244 --- [mtp-hr-service] [MessageBroker-3] c.m.a.s.impl.AttendanceServiceImpl       : Connecting to hardware node: 192.168.2.10
2026-06-30T08:50:51.021+07:00  INFO 2244 --- [mtp-hr-service] [MessageBroker-3] com.mtp.api.utils.ZkDeviceClient         : Fetching User Registry from hardware: 192.168.2.10
2026-06-30T08:50:51.072+07:00  INFO 2244 --- [mtp-hr-service] [MessageBroker-3] com.mtp.api.utils.ZkDeviceClient         : [ZK-Protocol] Session Locked & Confirmed: 33563
2026-06-30T08:50:51.101+07:00  INFO 2244 --- [mtp-hr-service] [MessageBroker-3] com.mtp.api.utils.ZkDeviceClient         : [ZK-Protocol] Probing user table: user...
2026-06-30T08:50:51.112+07:00  INFO 2244 --- [mtp-hr-service] [MessageBroker-3] com.mtp.api.utils.ZkDeviceClient         : [ZK-Protocol] Probing user table: USER_INFO...
2026-06-30T08:50:51.123+07:00  INFO 2244 --- [mtp-hr-service] [MessageBroker-3] com.mtp.api.utils.ZkDeviceClient         : [ZK-Protocol] Probing user table: person...
2026-06-30T08:50:51.135+07:00  INFO 2244 --- [mtp-hr-service] [MessageBroker-3] com.mtp.api.utils.ZkDeviceClient         : [ZK-Protocol] Modern user tables empty. Trying Streaming Legacy CMD_USER_RRQ...
2026-06-30T08:50:51.145+07:00  INFO 2244 --- [mtp-hr-service] [MessageBroker-3] com.mtp.api.utils.ZkDeviceClient         : [ZK-Protocol] UDP failed. Attempting TCP fallback for User List...
2026-06-30T08:50:51.177+07:00  INFO 2244 --- [mtp-hr-service] [MessageBroker-3] c.m.a.s.impl.AttendanceServiceImpl       : [ZK-Registry] Found 0 names on hardware.
2026-06-30T08:50:52.069+07:00  INFO 2244 --- [mtp-hr-service] [MessageBroker-3] com.mtp.api.utils.ZkDeviceClient         : [ZK-Protocol] Session Locked & Confirmed: 33564
2026-06-30T08:50:52.095+07:00  INFO 2244 --- [mtp-hr-service] [MessageBroker-3] com.mtp.api.utils.ZkDeviceClient         : [ZK-Protocol] Using Legacy CMD_ATTLOG_RRQ for hardware compatibility...
2026-06-30T08:50:52.112+07:00  INFO 2244 --- [mtp-hr-service] [MessageBroker-3] com.mtp.api.utils.ZkDeviceClient         : [ZK-Protocol] UDP stream returned no legacy data. Probing modern attlog table...
2026-06-30T08:50:52.139+07:00  INFO 2244 --- [mtp-hr-service] [MessageBroker-3] c.m.a.s.impl.AttendanceServiceImpl       : No new logs found on device: 192.168.2.10
2026-06-30T08:50:52.160+07:00  INFO 2244 --- [mtp-hr-service] [MessageBroker-3] c.m.a.s.impl.AttendanceServiceImpl       : System Employee ID Samples: [101, 102, 103, USR-admin@mtp.com, USR-superadmin@mloptapang.org, EMP-2026-0012]
2026-06-30T08:50:52.162+07:00  INFO 2244 --- [mtp-hr-service] [MessageBroker-3] c.m.a.s.impl.AttendanceServiceImpl       : Connecting to hardware node: 192.168.5.10
2026-06-30T08:50:52.162+07:00  INFO 2244 --- [mtp-hr-service] [MessageBroker-3] com.mtp.api.utils.ZkDeviceClient         : Fetching User Registry from hardware: 192.168.5.10
2026-06-30T08:51:00.171+07:00 ERROR 2244 --- [mtp-hr-service] [MessageBroker-3] c.m.a.s.impl.AttendanceServiceImpl       : Hardware Protocol Error [192.168.5.10]: Receive timed out
2026-06-30T08:51:00.180+07:00  INFO 2244 --- [mtp-hr-service] [MessageBroker-3] c.m.a.s.impl.AttendanceServiceImpl       : System Employee ID Samples: [101, 102, 103, USR-admin@mtp.com, USR-superadmin@mloptapang.org, EMP-2026-0012]
2026-06-30T08:51:00.182+07:00  INFO 2244 --- [mtp-hr-service] [MessageBroker-3] c.m.a.s.impl.AttendanceServiceImpl       : Connecting to hardware node: 192.168.2.10
2026-06-30T08:51:00.182+07:00  INFO 2244 --- [mtp-hr-service] [MessageBroker-3] com.mtp.api.utils.ZkDeviceClient         : Fetching User Registry from hardware: 192.168.2.10
2026-06-30T08:51:00.214+07:00  INFO 2244 --- [mtp-hr-service] [MessageBroker-3] com.mtp.api.utils.ZkDeviceClient         : [ZK-Protocol] Session Locked & Confirmed: 33572
2026-06-30T08:51:00.244+07:00  INFO 2244 --- [mtp-hr-service] [MessageBroker-3] com.mtp.api.utils.ZkDeviceClient         : [ZK-Protocol] Probing user table: user...
2026-06-30T08:51:00.252+07:00  INFO 2244 --- [mtp-hr-service] [MessageBroker-3] com.mtp.api.utils.ZkDeviceClient         : [ZK-Protocol] Probing user table: USER_INFO...
2026-06-30T08:51:00.266+07:00  INFO 2244 --- [mtp-hr-service] [MessageBroker-3] com.mtp.api.utils.ZkDeviceClient         : [ZK-Protocol] Probing user table: person...
2026-06-30T08:51:00.278+07:00  INFO 2244 --- [mtp-hr-service] [MessageBroker-3] com.mtp.api.utils.ZkDeviceClient         : [ZK-Protocol] Modern user tables empty. Trying Streaming Legacy CMD_USER_RRQ...
2026-06-30T08:51:00.289+07:00  INFO 2244 --- [mtp-hr-service] [MessageBroker-3] com.mtp.api.utils.ZkDeviceClient         : [ZK-Protocol] UDP failed. Attempting TCP fallback for User List...
2026-06-30T08:51:00.338+07:00  INFO 2244 --- [mtp-hr-service] [MessageBroker-3] c.m.a.s.impl.AttendanceServiceImpl       : [ZK-Registry] Found 0 names on hardware.
2026-06-30T08:51:01.066+07:00  INFO 2244 --- [mtp-hr-service] [MessageBroker-3] com.mtp.api.utils.ZkDeviceClient         : [ZK-Protocol] Session Locked & Confirmed: 33573
2026-06-30T08:51:01.112+07:00  INFO 2244 --- [mtp-hr-service] [MessageBroker-3] com.mtp.api.utils.ZkDeviceClient         : [ZK-Protocol] Using Legacy CMD_ATTLOG_RRQ for hardware compatibility...
2026-06-30T08:51:01.123+07:00  INFO 2244 --- [mtp-hr-service] [MessageBroker-3] com.mtp.api.utils.ZkDeviceClient         : [ZK-Protocol] UDP stream returned no legacy data. Probing modern attlog table...
2026-06-30T08:51:01.155+07:00  INFO 2244 --- [mtp-hr-service] [MessageBroker-3] c.m.a.s.impl.AttendanceServiceImpl       : No new logs found on device: 192.168.2.10
2026-06-30T08:55:50.481+07:00  INFO 2244 --- [mtp-hr-service] [AsyncResolver-bootstrap-executor-%d] c.n.d.s.r.aws.ConfigClusterResolver      : Resolving eureka endpoints via configuration
2026-06-30T09:00:00.000+07:00  INFO 2244 --- [mtp-hr-service] [MessageBroker-6] c.m.a.schedulers.SupportTicketScheduler  : Running SupportTicketScheduler to auto-close resolved tickets...
2026-06-30T09:00:50.483+07:00  INFO 2244 --- [mtp-hr-service] [AsyncResolver-bootstrap-executor-%d] c.n.d.s.r.aws.ConfigClusterResolver      : Resolving eureka endpoints via configuration
2026-06-30T09:05:50.484+07:00  INFO 2244 --- [mtp-hr-service] [AsyncResolver-bootstrap-executor-%d] c.n.d.s.r.aws.ConfigClusterResolver      : Resolving eureka endpoints via configuration
2026-06-30T09:05:51.007+07:00  INFO 2244 --- [mtp-hr-service] [MessageBroker-8] c.m.a.s.impl.AttendanceServiceImpl       : [ZK-AutoSync] Waking up to process 3 hardware nodes...
2026-06-30T09:05:51.015+07:00  INFO 2244 --- [mtp-hr-service] [MessageBroker-8] c.m.a.s.impl.AttendanceServiceImpl       : System Employee ID Samples: [101, 102, 103, USR-admin@mtp.com, USR-superadmin@mloptapang.org, EMP-2026-0012]
2026-06-30T09:05:51.017+07:00  INFO 2244 --- [mtp-hr-service] [MessageBroker-8] c.m.a.s.impl.AttendanceServiceImpl       : Connecting to hardware node: 192.168.2.10
2026-06-30T09:05:51.017+07:00  INFO 2244 --- [mtp-hr-service] [MessageBroker-8] com.mtp.api.utils.ZkDeviceClient         : Fetching User Registry from hardware: 192.168.2.10
2026-06-30T09:05:51.052+07:00  INFO 2244 --- [mtp-hr-service] [MessageBroker-8] com.mtp.api.utils.ZkDeviceClient         : [ZK-Protocol] Session Locked & Confirmed: 34463
2026-06-30T09:05:51.093+07:00  INFO 2244 --- [mtp-hr-service] [MessageBroker-8] com.mtp.api.utils.ZkDeviceClient         : [ZK-Protocol] Probing user table: user...
2026-06-30T09:05:51.105+07:00  INFO 2244 --- [mtp-hr-service] [MessageBroker-8] com.mtp.api.utils.ZkDeviceClient         : [ZK-Protocol] Probing user table: USER_INFO...
2026-06-30T09:05:51.116+07:00  INFO 2244 --- [mtp-hr-service] [MessageBroker-8] com.mtp.api.utils.ZkDeviceClient         : [ZK-Protocol] Probing user table: person...
2026-06-30T09:05:51.126+07:00  INFO 2244 --- [mtp-hr-service] [MessageBroker-8] com.mtp.api.utils.ZkDeviceClient         : [ZK-Protocol] Modern user tables empty. Trying Streaming Legacy CMD_USER_RRQ...
2026-06-30T09:05:51.136+07:00  INFO 2244 --- [mtp-hr-service] [MessageBroker-8] com.mtp.api.utils.ZkDeviceClient         : [ZK-Protocol] UDP failed. Attempting TCP fallback for User List...
2026-06-30T09:05:51.171+07:00  INFO 2244 --- [mtp-hr-service] [MessageBroker-8] c.m.a.s.impl.AttendanceServiceImpl       : [ZK-Registry] Found 0 names on hardware.
2026-06-30T09:05:52.039+07:00  INFO 2244 --- [mtp-hr-service] [MessageBroker-8] com.mtp.api.utils.ZkDeviceClient         : [ZK-Protocol] Session Locked & Confirmed: 34464
2026-06-30T09:05:52.064+07:00  INFO 2244 --- [mtp-hr-service] [MessageBroker-8] com.mtp.api.utils.ZkDeviceClient         : [ZK-Protocol] Using Legacy CMD_ATTLOG_RRQ for hardware compatibility...
2026-06-30T09:05:52.076+07:00  INFO 2244 --- [mtp-hr-service] [MessageBroker-8] com.mtp.api.utils.ZkDeviceClient         : [ZK-Protocol] UDP stream returned no legacy data. Probing modern attlog table...
2026-06-30T09:05:52.109+07:00  INFO 2244 --- [mtp-hr-service] [MessageBroker-8] c.m.a.s.impl.AttendanceServiceImpl       : No new logs found on device: 192.168.2.10
2026-06-30T09:05:52.120+07:00  INFO 2244 --- [mtp-hr-service] [MessageBroker-8] c.m.a.s.impl.AttendanceServiceImpl       : System Employee ID Samples: [101, 102, 103, USR-admin@mtp.com, USR-superadmin@mloptapang.org, EMP-2026-0012]
2026-06-30T09:05:52.120+07:00  INFO 2244 --- [mtp-hr-service] [MessageBroker-8] c.m.a.s.impl.AttendanceServiceImpl       : Connecting to hardware node: 192.168.5.10
2026-06-30T09:05:52.120+07:00  INFO 2244 --- [mtp-hr-service] [MessageBroker-8] com.mtp.api.utils.ZkDeviceClient         : Fetching User Registry from hardware: 192.168.5.10
2026-06-30T09:06:00.131+07:00 ERROR 2244 --- [mtp-hr-service] [MessageBroker-8] c.m.a.s.impl.AttendanceServiceImpl       : Hardware Protocol Error [192.168.5.10]: Receive timed out
2026-06-30T09:06:00.140+07:00  INFO 2244 --- [mtp-hr-service] [MessageBroker-8] c.m.a.s.impl.AttendanceServiceImpl       : System Employee ID Samples: [101, 102, 103, USR-admin@mtp.com, USR-superadmin@mloptapang.org, EMP-2026-0012]
2026-06-30T09:06:00.142+07:00  INFO 2244 --- [mtp-hr-service] [MessageBroker-8] c.m.a.s.impl.AttendanceServiceImpl       : Connecting to hardware node: 192.168.2.10
2026-06-30T09:06:00.142+07:00  INFO 2244 --- [mtp-hr-service] [MessageBroker-8] com.mtp.api.utils.ZkDeviceClient         : Fetching User Registry from hardware: 192.168.2.10
2026-06-30T09:06:00.178+07:00  INFO 2244 --- [mtp-hr-service] [MessageBroker-8] com.mtp.api.utils.ZkDeviceClient         : [ZK-Protocol] Session Locked & Confirmed: 34472
2026-06-30T09:06:00.211+07:00  INFO 2244 --- [mtp-hr-service] [MessageBroker-8] com.mtp.api.utils.ZkDeviceClient         : [ZK-Protocol] Probing user table: user...
2026-06-30T09:06:00.229+07:00  INFO 2244 --- [mtp-hr-service] [MessageBroker-8] com.mtp.api.utils.ZkDeviceClient         : [ZK-Protocol] Probing user table: USER_INFO...
2026-06-30T09:06:00.241+07:00  INFO 2244 --- [mtp-hr-service] [MessageBroker-8] com.mtp.api.utils.ZkDeviceClient         : [ZK-Protocol] Probing user table: person...
2026-06-30T09:06:00.256+07:00  INFO 2244 --- [mtp-hr-service] [MessageBroker-8] com.mtp.api.utils.ZkDeviceClient         : [ZK-Protocol] Modern user tables empty. Trying Streaming Legacy CMD_USER_RRQ...
2026-06-30T09:06:00.262+07:00  INFO 2244 --- [mtp-hr-service] [MessageBroker-8] com.mtp.api.utils.ZkDeviceClient         : [ZK-Protocol] UDP failed. Attempting TCP fallback for User List...
2026-06-30T09:06:00.295+07:00  INFO 2244 --- [mtp-hr-service] [MessageBroker-8] c.m.a.s.impl.AttendanceServiceImpl       : [ZK-Registry] Found 0 names on hardware.
2026-06-30T09:06:01.032+07:00  INFO 2244 --- [mtp-hr-service] [MessageBroker-8] com.mtp.api.utils.ZkDeviceClient         : [ZK-Protocol] Session Locked & Confirmed: 34473
2026-06-30T09:06:01.058+07:00  INFO 2244 --- [mtp-hr-service] [MessageBroker-8] com.mtp.api.utils.ZkDeviceClient         : [ZK-Protocol] Using Legacy CMD_ATTLOG_RRQ for hardware compatibility...
2026-06-30T09:06:01.069+07:00  INFO 2244 --- [mtp-hr-service] [MessageBroker-8] com.mtp.api.utils.ZkDeviceClient         : [ZK-Protocol] UDP stream returned no legacy data. Probing modern attlog table...
2026-06-30T09:06:01.102+07:00  INFO 2244 --- [mtp-hr-service] [MessageBroker-8] c.m.a.s.impl.AttendanceServiceImpl       : No new logs found on device: 192.168.2.10
2026-06-30T09:06:50.251+07:00  INFO 2244 --- [mtp-hr-service] [MessageBroker-8] o.s.w.s.c.WebSocketMessageBrokerStats    : WebSocketSession[1 current WS(1)-HttpStream(0)-HttpPoll(0), 2 total, 0 closed abnormally (0 connect failure, 0 send limit, 0 transport error)], stompSubProtocol[processed CONNECT(2)-CONNECTED(2)-DISCONNECT(0)], stompBrokerRelay[null], inboundChannel[pool size = 0, active threads = 0, queued tasks = 0, completed tasks = 252], outboundChannel[pool size = 0, active threads = 0, queued tasks = 0, completed tasks = 5], sockJsScheduler[pool size = 8, active threads = 1, queued tasks = 6, completed tasks = 1736]
2026-06-30T09:10:50.485+07:00  INFO 2244 --- [mtp-hr-service] [AsyncResolver-bootstrap-executor-%d] c.n.d.s.r.aws.ConfigClusterResolver      : Resolving eureka endpoints via configuration
2026-06-30T09:15:50.486+07:00  INFO 2244 --- [mtp-hr-service] [AsyncResolver-bootstrap-executor-%d] c.n.d.s.r.aws.ConfigClusterResolver      : Resolving eureka endpoints via configuration
2026-06-30T09:19:21.032+07:00 DEBUG 2244 --- [mtp-hr-service] [tomcat-handler-203] o.s.security.web.FilterChainProxy        : Securing GET /api/chat/history/user/superadmin@mloptapang.org
2026-06-30T09:19:21.032+07:00 DEBUG 2244 --- [mtp-hr-service] [tomcat-handler-202] o.s.security.web.FilterChainProxy        : Securing GET /api/chat/history/user/superadmin@mloptapang.org
2026-06-30T09:19:21.082+07:00 DEBUG 2244 --- [mtp-hr-service] [tomcat-handler-206] o.s.security.web.FilterChainProxy        : Securing GET /api/hr/payroll
2026-06-30T09:19:21.082+07:00 DEBUG 2244 --- [mtp-hr-service] [tomcat-handler-205] o.s.security.web.FilterChainProxy        : Securing GET /api/settings/APP_LOGO
2026-06-30T09:19:21.084+07:00 DEBUG 2244 --- [mtp-hr-service] [tomcat-handler-204] o.s.security.web.FilterChainProxy        : Securing GET /api/hr/leaves
2026-06-30T09:19:21.093+07:00 DEBUG 2244 --- [mtp-hr-service] [tomcat-handler-207] o.s.security.web.FilterChainProxy        : Securing GET /api/hr/attendance
2026-06-30T09:19:21.339+07:00 DEBUG 2244 --- [mtp-hr-service] [tomcat-handler-204] o.s.security.web.FilterChainProxy        : Secured GET /api/hr/leaves
2026-06-30T09:19:21.339+07:00 DEBUG 2244 --- [mtp-hr-service] [tomcat-handler-207] o.s.security.web.FilterChainProxy        : Secured GET /api/hr/attendance
2026-06-30T09:19:21.352+07:00 DEBUG 2244 --- [mtp-hr-service] [tomcat-handler-205] o.s.security.web.FilterChainProxy        : Secured GET /api/settings/APP_LOGO
2026-06-30T09:19:21.362+07:00 DEBUG 2244 --- [mtp-hr-service] [tomcat-handler-203] o.s.security.web.FilterChainProxy        : Secured GET /api/chat/history/user/superadmin@mloptapang.org
2026-06-30T09:19:21.369+07:00 DEBUG 2244 --- [mtp-hr-service] [tomcat-handler-206] o.s.security.web.FilterChainProxy        : Secured GET /api/hr/payroll
2026-06-30T09:19:21.390+07:00 DEBUG 2244 --- [mtp-hr-service] [tomcat-handler-202] o.s.security.web.FilterChainProxy        : Secured GET /api/chat/history/user/superadmin@mloptapang.org
2026-06-30T09:19:21.557+07:00 DEBUG 2244 --- [mtp-hr-service] [tomcat-handler-208] o.s.security.web.FilterChainProxy        : Securing GET /api/settings/APP_LOGO
2026-06-30T09:19:21.575+07:00 DEBUG 2244 --- [mtp-hr-service] [tomcat-handler-209] o.s.security.web.FilterChainProxy        : Securing GET /api/hr/attendance
2026-06-30T09:19:21.608+07:00 DEBUG 2244 --- [mtp-hr-service] [tomcat-handler-210] o.s.security.web.FilterChainProxy        : Securing GET /api/hr/leaves
2026-06-30T09:19:21.736+07:00 DEBUG 2244 --- [mtp-hr-service] [tomcat-handler-211] o.s.security.web.FilterChainProxy        : Securing GET /api/hr/payroll
2026-06-30T09:19:21.760+07:00 DEBUG 2244 --- [mtp-hr-service] [tomcat-handler-209] o.s.security.web.FilterChainProxy        : Secured GET /api/hr/attendance
2026-06-30T09:19:21.766+07:00 DEBUG 2244 --- [mtp-hr-service] [tomcat-handler-208] o.s.security.web.FilterChainProxy        : Secured GET /api/settings/APP_LOGO
2026-06-30T09:19:21.775+07:00 DEBUG 2244 --- [mtp-hr-service] [tomcat-handler-210] o.s.security.web.FilterChainProxy        : Secured GET /api/hr/leaves
2026-06-30T09:19:21.845+07:00 DEBUG 2244 --- [mtp-hr-service] [tomcat-handler-212] o.s.security.web.FilterChainProxy        : Securing GET /ws/info?t=1782785961023
2026-06-30T09:19:21.846+07:00 DEBUG 2244 --- [mtp-hr-service] [tomcat-handler-212] o.s.s.w.a.AnonymousAuthenticationFilter  : Set SecurityContextHolder to anonymous SecurityContext
2026-06-30T09:19:21.847+07:00 DEBUG 2244 --- [mtp-hr-service] [tomcat-handler-212] o.s.security.web.FilterChainProxy        : Secured GET /ws/info?t=1782785961023
2026-06-30T09:19:21.865+07:00 DEBUG 2244 --- [mtp-hr-service] [tomcat-handler-211] o.s.security.web.FilterChainProxy        : Secured GET /api/hr/payroll
2026-06-30T09:19:21.961+07:00 DEBUG 2244 --- [mtp-hr-service] [tomcat-handler-213] o.s.security.web.FilterChainProxy        : Securing GET /ws/077/hlc2cqtr/websocket
2026-06-30T09:19:21.964+07:00 DEBUG 2244 --- [mtp-hr-service] [tomcat-handler-213] o.s.s.w.a.AnonymousAuthenticationFilter  : Set SecurityContextHolder to anonymous SecurityContext
2026-06-30T09:19:21.964+07:00 DEBUG 2244 --- [mtp-hr-service] [tomcat-handler-213] o.s.security.web.FilterChainProxy        : Secured GET /ws/077/hlc2cqtr/websocket
2026-06-30T09:19:22.063+07:00  INFO 2244 --- [mtp-hr-service] [tomcat-handler-214] com.mtp.api.config.WebSocketConfig       : WebSocket CONNECT attempt. Auth header present: true
2026-06-30T09:19:22.063+07:00  INFO 2244 --- [mtp-hr-service] [tomcat-handler-214] com.mtp.api.config.WebSocketConfig       : WebSocket authenticated user: superadmin@mloptapang.org
2026-06-30T09:19:22.066+07:00  INFO 2244 --- [mtp-hr-service] [clientOutboundChannel-7] c.mtp.api.config.WebSocketEventListener  : WebSocket connection established for user: superadmin@mloptapang.org
2026-06-30T09:19:24.060+07:00 DEBUG 2244 --- [mtp-hr-service] [tomcat-handler-221] o.s.security.web.FilterChainProxy        : Securing GET /api/chat/history/user/superadmin@mloptapang.org
2026-06-30T09:19:24.091+07:00 DEBUG 2244 --- [mtp-hr-service] [tomcat-handler-224] o.s.security.web.FilterChainProxy        : Securing GET /api/chat/history/user/superadmin@mloptapang.org
2026-06-30T09:19:24.098+07:00 DEBUG 2244 --- [mtp-hr-service] [tomcat-handler-225] o.s.security.web.FilterChainProxy        : Securing GET /api/settings/APP_LOGO
2026-06-30T09:19:24.105+07:00 DEBUG 2244 --- [mtp-hr-service] [tomcat-handler-226] o.s.security.web.FilterChainProxy        : Securing GET /api/settings/APP_LOGO
2026-06-30T09:19:24.259+07:00 DEBUG 2244 --- [mtp-hr-service] [tomcat-handler-226] o.s.security.web.FilterChainProxy        : Secured GET /api/settings/APP_LOGO
2026-06-30T09:19:24.299+07:00 DEBUG 2244 --- [mtp-hr-service] [tomcat-handler-225] o.s.security.web.FilterChainProxy        : Secured GET /api/settings/APP_LOGO
2026-06-30T09:19:24.317+07:00 DEBUG 2244 --- [mtp-hr-service] [tomcat-handler-224] o.s.security.web.FilterChainProxy        : Secured GET /api/chat/history/user/superadmin@mloptapang.org
2026-06-30T09:19:24.330+07:00 DEBUG 2244 --- [mtp-hr-service] [tomcat-handler-221] o.s.security.web.FilterChainProxy        : Secured GET /api/chat/history/user/superadmin@mloptapang.org
2026-06-30T09:19:24.438+07:00 DEBUG 2244 --- [mtp-hr-service] [tomcat-handler-227] o.s.security.web.FilterChainProxy        : Securing GET /api/logbooks?page=0&size=10&search=
2026-06-30T09:19:24.568+07:00 DEBUG 2244 --- [mtp-hr-service] [tomcat-handler-227] o.s.security.web.FilterChainProxy        : Secured GET /api/logbooks?page=0&size=10&search=
2026-06-30T09:19:31.804+07:00 DEBUG 2244 --- [mtp-hr-service] [tomcat-handler-228] o.s.security.web.FilterChainProxy        : Securing GET /api/hr/analytics/stats
2026-06-30T09:19:31.807+07:00 DEBUG 2244 --- [mtp-hr-service] [tomcat-handler-230] o.s.security.web.FilterChainProxy        : Securing GET /api/vacancies?page=0&size=100
2026-06-30T09:19:31.807+07:00 DEBUG 2244 --- [mtp-hr-service] [tomcat-handler-231] o.s.security.web.FilterChainProxy        : Securing GET /api/hr/analytics/demographics
2026-06-30T09:19:31.807+07:00 DEBUG 2244 --- [mtp-hr-service] [tomcat-handler-229] o.s.security.web.FilterChainProxy        : Securing GET /api/hr/analytics/department-distribution
2026-06-30T09:19:31.813+07:00 DEBUG 2244 --- [mtp-hr-service] [tomcat-handler-232] o.s.security.web.FilterChainProxy        : Securing GET /api/placements/stats
2026-06-30T09:19:31.893+07:00 DEBUG 2244 --- [mtp-hr-service] [tomcat-handler-231] o.s.security.web.FilterChainProxy        : Secured GET /api/hr/analytics/demographics
2026-06-30T09:19:31.893+07:00 DEBUG 2244 --- [mtp-hr-service] [tomcat-handler-229] o.s.security.web.FilterChainProxy        : Secured GET /api/hr/analytics/department-distribution
2026-06-30T09:19:31.893+07:00 DEBUG 2244 --- [mtp-hr-service] [tomcat-handler-230] o.s.security.web.FilterChainProxy        : Secured GET /api/vacancies?page=0&size=100
2026-06-30T09:19:31.896+07:00 DEBUG 2244 --- [mtp-hr-service] [tomcat-handler-232] o.s.security.web.FilterChainProxy        : Secured GET /api/placements/stats
2026-06-30T09:19:31.897+07:00 DEBUG 2244 --- [mtp-hr-service] [tomcat-handler-228] o.s.security.web.FilterChainProxy        : Secured GET /api/hr/analytics/stats
2026-06-30T09:19:32.009+07:00 DEBUG 2244 --- [mtp-hr-service] [tomcat-handler-233] o.s.security.web.FilterChainProxy        : Securing GET /api/hr/analytics/stats
2026-06-30T09:19:32.017+07:00 DEBUG 2244 --- [mtp-hr-service] [tomcat-handler-234] o.s.security.web.FilterChainProxy        : Securing GET /api/hr/analytics/demographics
2026-06-30T09:19:32.030+07:00 DEBUG 2244 --- [mtp-hr-service] [tomcat-handler-236] o.s.security.web.FilterChainProxy        : Securing GET /api/vacancies?page=0&size=100
2026-06-30T09:19:32.030+07:00 DEBUG 2244 --- [mtp-hr-service] [tomcat-handler-235] o.s.security.web.FilterChainProxy        : Securing GET /api/hr/analytics/department-distribution
2026-06-30T09:19:32.034+07:00 DEBUG 2244 --- [mtp-hr-service] [tomcat-handler-237] o.s.security.web.FilterChainProxy        : Securing GET /api/placements/stats
2026-06-30T09:19:32.053+07:00 DEBUG 2244 --- [mtp-hr-service] [tomcat-handler-238] o.s.security.web.FilterChainProxy        : Securing GET /api/clients?page=0&size=100
2026-06-30T09:19:32.111+07:00 DEBUG 2244 --- [mtp-hr-service] [tomcat-handler-236] o.s.security.web.FilterChainProxy        : Secured GET /api/vacancies?page=0&size=100
2026-06-30T09:19:32.111+07:00 DEBUG 2244 --- [mtp-hr-service] [tomcat-handler-233] o.s.security.web.FilterChainProxy        : Secured GET /api/hr/analytics/stats
2026-06-30T09:19:32.112+07:00 DEBUG 2244 --- [mtp-hr-service] [tomcat-handler-237] o.s.security.web.FilterChainProxy        : Secured GET /api/placements/stats
2026-06-30T09:19:32.120+07:00 DEBUG 2244 --- [mtp-hr-service] [tomcat-handler-234] o.s.security.web.FilterChainProxy        : Secured GET /api/hr/analytics/demographics
2026-06-30T09:19:32.121+07:00 DEBUG 2244 --- [mtp-hr-service] [tomcat-handler-235] o.s.security.web.FilterChainProxy        : Secured GET /api/hr/analytics/department-distribution
2026-06-30T09:19:32.136+07:00 DEBUG 2244 --- [mtp-hr-service] [tomcat-handler-238] o.s.security.web.FilterChainProxy        : Secured GET /api/clients?page=0&size=100
2026-06-30T09:19:32.139+07:00 DEBUG 2244 --- [mtp-hr-service] [tomcat-handler-239] o.s.security.web.FilterChainProxy        : Securing GET /api/placements?page=0&size=100
2026-06-30T09:19:32.167+07:00 DEBUG 2244 --- [mtp-hr-service] [tomcat-handler-240] o.s.security.web.FilterChainProxy        : Securing GET /api/employers?page=0&size=100
2026-06-30T09:19:32.168+07:00 DEBUG 2244 --- [mtp-hr-service] [tomcat-handler-241] o.s.security.web.FilterChainProxy        : Securing GET /api/lookups/departments
2026-06-30T09:19:32.170+07:00 DEBUG 2244 --- [mtp-hr-service] [tomcat-handler-242] o.s.security.web.FilterChainProxy        : Securing GET /api/lookups/positions
2026-06-30T09:19:32.238+07:00 DEBUG 2244 --- [mtp-hr-service] [tomcat-handler-239] o.s.security.web.FilterChainProxy        : Secured GET /api/placements?page=0&size=100
2026-06-30T09:19:32.259+07:00 DEBUG 2244 --- [mtp-hr-service] [tomcat-handler-243] o.s.security.web.FilterChainProxy        : Securing GET /api/clients?page=0&size=100
2026-06-30T09:19:32.260+07:00 DEBUG 2244 --- [mtp-hr-service] [tomcat-handler-244] o.s.security.web.FilterChainProxy        : Securing GET /api/placements?page=0&size=100
2026-06-30T09:19:32.263+07:00 DEBUG 2244 --- [mtp-hr-service] [tomcat-handler-242] o.s.security.web.FilterChainProxy        : Secured GET /api/lookups/positions
2026-06-30T09:19:32.267+07:00 DEBUG 2244 --- [mtp-hr-service] [tomcat-handler-240] o.s.security.web.FilterChainProxy        : Secured GET /api/employers?page=0&size=100
2026-06-30T09:19:32.270+07:00 DEBUG 2244 --- [mtp-hr-service] [tomcat-handler-241] o.s.security.web.FilterChainProxy        : Secured GET /api/lookups/departments
2026-06-30T09:19:32.296+07:00 DEBUG 2244 --- [mtp-hr-service] [tomcat-handler-245] o.s.security.web.FilterChainProxy        : Securing GET /api/employers?page=0&size=100
2026-06-30T09:19:32.300+07:00 DEBUG 2244 --- [mtp-hr-service] [tomcat-handler-246] o.s.security.web.FilterChainProxy        : Securing GET /api/lookups/positions
2026-06-30T09:19:32.327+07:00 DEBUG 2244 --- [mtp-hr-service] [tomcat-handler-247] o.s.security.web.FilterChainProxy        : Securing GET /api/lookups/departments
2026-06-30T09:19:32.346+07:00 DEBUG 2244 --- [mtp-hr-service] [tomcat-handler-243] o.s.security.web.FilterChainProxy        : Secured GET /api/clients?page=0&size=100
2026-06-30T09:19:32.364+07:00 DEBUG 2244 --- [mtp-hr-service] [tomcat-handler-244] o.s.security.web.FilterChainProxy        : Secured GET /api/placements?page=0&size=100
2026-06-30T09:19:32.379+07:00 DEBUG 2244 --- [mtp-hr-service] [tomcat-handler-246] o.s.security.web.FilterChainProxy        : Secured GET /api/lookups/positions
2026-06-30T09:19:32.382+07:00 DEBUG 2244 --- [mtp-hr-service] [tomcat-handler-245] o.s.security.web.FilterChainProxy        : Secured GET /api/employers?page=0&size=100
2026-06-30T09:19:32.400+07:00 DEBUG 2244 --- [mtp-hr-service] [tomcat-handler-247] o.s.security.web.FilterChainProxy        : Secured GET /api/lookups/departments
2026-06-30T09:19:32.558+07:00 DEBUG 2244 --- [mtp-hr-service] [tomcat-handler-248] o.s.security.web.FilterChainProxy        : Securing GET /api/tickets
2026-06-30T09:19:32.565+07:00 DEBUG 2244 --- [mtp-hr-service] [tomcat-handler-249] o.s.security.web.FilterChainProxy        : Securing GET /api/lookups/ticket-types
2026-06-30T09:19:32.573+07:00 DEBUG 2244 --- [mtp-hr-service] [tomcat-handler-250] o.s.security.web.FilterChainProxy        : Securing GET /api/users
2026-06-30T09:19:32.573+07:00 DEBUG 2244 --- [mtp-hr-service] [tomcat-handler-251] o.s.security.web.FilterChainProxy        : Securing GET /api/assessments
2026-06-30T09:19:32.574+07:00 DEBUG 2244 --- [mtp-hr-service] [tomcat-handler-252] o.s.security.web.FilterChainProxy        : Securing GET /api/lookups/expected-supports
2026-06-30T09:19:32.592+07:00 DEBUG 2244 --- [mtp-hr-service] [tomcat-handler-253] o.s.security.web.FilterChainProxy        : Securing GET /api/employees?page=0&size=1000
2026-06-30T09:19:32.638+07:00 DEBUG 2244 --- [mtp-hr-service] [tomcat-handler-248] o.s.security.web.FilterChainProxy        : Secured GET /api/tickets
2026-06-30T09:19:32.642+07:00 DEBUG 2244 --- [mtp-hr-service] [tomcat-handler-249] o.s.security.web.FilterChainProxy        : Secured GET /api/lookups/ticket-types
2026-06-30T09:19:32.651+07:00 DEBUG 2244 --- [mtp-hr-service] [tomcat-handler-252] o.s.security.web.FilterChainProxy        : Secured GET /api/lookups/expected-supports
2026-06-30T09:19:32.652+07:00 DEBUG 2244 --- [mtp-hr-service] [tomcat-handler-251] o.s.security.web.FilterChainProxy        : Secured GET /api/assessments
2026-06-30T09:19:32.653+07:00 DEBUG 2244 --- [mtp-hr-service] [tomcat-handler-250] o.s.security.web.FilterChainProxy        : Secured GET /api/users
2026-06-30T09:19:32.654+07:00 DEBUG 2244 --- [mtp-hr-service] [tomcat-handler-250] horizationManagerBeforeMethodInterceptor : Authorizing method invocation ReflectiveMethodInvocation: public org.springframework.http.ResponseEntity com.mtp.api.controllers.UserController.getAllUsers(); target is of class [com.mtp.api.controllers.UserController]
2026-06-30T09:19:32.655+07:00 DEBUG 2244 --- [mtp-hr-service] [tomcat-handler-250] horizationManagerBeforeMethodInterceptor : Authorized method invocation ReflectiveMethodInvocation: public org.springframework.http.ResponseEntity com.mtp.api.controllers.UserController.getAllUsers(); target is of class [com.mtp.api.controllers.UserController]
2026-06-30T09:19:32.762+07:00 DEBUG 2244 --- [mtp-hr-service] [tomcat-handler-253] o.s.security.web.FilterChainProxy        : Secured GET /api/employees?page=0&size=1000
2026-06-30T09:19:32.774+07:00 DEBUG 2244 --- [mtp-hr-service] [tomcat-handler-254] o.s.security.web.FilterChainProxy        : Securing GET /api/tickets
2026-06-30T09:19:32.785+07:00 DEBUG 2244 --- [mtp-hr-service] [tomcat-handler-255] o.s.security.web.FilterChainProxy        : Securing GET /api/lookups/ticket-types
2026-06-30T09:19:32.788+07:00 DEBUG 2244 --- [mtp-hr-service] [tomcat-handler-256] o.s.security.web.FilterChainProxy        : Securing GET /api/lookups/expected-supports
2026-06-30T09:19:32.803+07:00  INFO 2244 --- [mtp-hr-service] [tomcat-handler-253] c.m.api.controllers.EmployeeController   : Employee list fetched. Count: 6, First photo length: 101
2026-06-30T09:19:32.827+07:00 DEBUG 2244 --- [mtp-hr-service] [tomcat-handler-257] o.s.security.web.FilterChainProxy        : Securing GET /api/assessments
2026-06-30T09:19:32.885+07:00 DEBUG 2244 --- [mtp-hr-service] [tomcat-handler-254] o.s.security.web.FilterChainProxy        : Secured GET /api/tickets
2026-06-30T09:19:32.889+07:00 DEBUG 2244 --- [mtp-hr-service] [tomcat-handler-255] o.s.security.web.FilterChainProxy        : Secured GET /api/lookups/ticket-types
2026-06-30T09:19:32.906+07:00 DEBUG 2244 --- [mtp-hr-service] [tomcat-handler-258] o.s.security.web.FilterChainProxy        : Securing GET /api/users
2026-06-30T09:19:32.914+07:00 DEBUG 2244 --- [mtp-hr-service] [tomcat-handler-256] o.s.security.web.FilterChainProxy        : Secured GET /api/lookups/expected-supports
2026-06-30T09:19:32.934+07:00 DEBUG 2244 --- [mtp-hr-service] [tomcat-handler-259] o.s.security.web.FilterChainProxy        : Securing GET /api/employees?page=0&size=1000
2026-06-30T09:19:32.940+07:00 DEBUG 2244 --- [mtp-hr-service] [tomcat-handler-257] o.s.security.web.FilterChainProxy        : Secured GET /api/assessments
2026-06-30T09:19:32.973+07:00 DEBUG 2244 --- [mtp-hr-service] [tomcat-handler-258] o.s.security.web.FilterChainProxy        : Secured GET /api/users
2026-06-30T09:19:32.973+07:00 DEBUG 2244 --- [mtp-hr-service] [tomcat-handler-258] horizationManagerBeforeMethodInterceptor : Authorizing method invocation ReflectiveMethodInvocation: public org.springframework.http.ResponseEntity com.mtp.api.controllers.UserController.getAllUsers(); target is of class [com.mtp.api.controllers.UserController]
2026-06-30T09:19:32.974+07:00 DEBUG 2244 --- [mtp-hr-service] [tomcat-handler-258] horizationManagerBeforeMethodInterceptor : Authorized method invocation ReflectiveMethodInvocation: public org.springframework.http.ResponseEntity com.mtp.api.controllers.UserController.getAllUsers(); target is of class [com.mtp.api.controllers.UserController]
2026-06-30T09:19:32.995+07:00 DEBUG 2244 --- [mtp-hr-service] [tomcat-handler-259] o.s.security.web.FilterChainProxy        : Secured GET /api/employees?page=0&size=1000
2026-06-30T09:19:33.361+07:00  WARN 2244 --- [mtp-hr-service] [tomcat-handler-250] c.m.api.config.PerformanceMonitorAspect  : SLOW_API | UserController.getAllUsers() | 705ms — consider adding @Cacheable or pagination
2026-06-30T09:19:33.528+07:00  WARN 2244 --- [mtp-hr-service] [tomcat-handler-258] c.m.api.config.PerformanceMonitorAspect  : SLOW_API | UserController.getAllUsers() | 554ms — consider adding @Cacheable or pagination
2026-06-30T09:19:37.616+07:00  WARN 2244 --- [mtp-hr-service] [tomcat-handler-248] c.m.api.config.PerformanceMonitorAspect  : SLOW_API | SupportTicketController.getAll() | 4976ms — consider adding @Cacheable or pagination
2026-06-30T09:19:37.658+07:00  WARN 2244 --- [mtp-hr-service] [tomcat-handler-254] c.m.api.config.PerformanceMonitorAspect  : SLOW_API | SupportTicketController.getAll() | 4771ms — consider adding @Cacheable or pagination
2026-06-30T09:20:50.488+07:00  INFO 2244 --- [mtp-hr-service] [AsyncResolver-bootstrap-executor-%d] c.n.d.s.r.aws.ConfigClusterResolver      : Resolving eureka endpoints via configuration
2026-06-30T09:20:51.009+07:00  INFO 2244 --- [mtp-hr-service] [MessageBroker-1] c.m.a.s.impl.AttendanceServiceImpl       : [ZK-AutoSync] Waking up to process 3 hardware nodes...
2026-06-30T09:20:51.019+07:00  INFO 2244 --- [mtp-hr-service] [MessageBroker-1] c.m.a.s.impl.AttendanceServiceImpl       : System Employee ID Samples: [101, 102, 103, USR-admin@mtp.com, USR-superadmin@mloptapang.org, EMP-2026-0012]
2026-06-30T09:20:51.022+07:00  INFO 2244 --- [mtp-hr-service] [MessageBroker-1] c.m.a.s.impl.AttendanceServiceImpl       : Connecting to hardware node: 192.168.2.10
2026-06-30T09:20:51.023+07:00  INFO 2244 --- [mtp-hr-service] [MessageBroker-1] com.mtp.api.utils.ZkDeviceClient         : Fetching User Registry from hardware: 192.168.2.10
2026-06-30T09:20:51.061+07:00  INFO 2244 --- [mtp-hr-service] [MessageBroker-1] com.mtp.api.utils.ZkDeviceClient         : [ZK-Protocol] Session Locked & Confirmed: 35363
2026-06-30T09:20:51.089+07:00  INFO 2244 --- [mtp-hr-service] [MessageBroker-1] com.mtp.api.utils.ZkDeviceClient         : [ZK-Protocol] Probing user table: user...
2026-06-30T09:20:51.100+07:00  INFO 2244 --- [mtp-hr-service] [MessageBroker-1] com.mtp.api.utils.ZkDeviceClient         : [ZK-Protocol] Probing user table: USER_INFO...
2026-06-30T09:20:51.121+07:00  INFO 2244 --- [mtp-hr-service] [MessageBroker-1] com.mtp.api.utils.ZkDeviceClient         : [ZK-Protocol] Probing user table: person...
2026-06-30T09:20:51.134+07:00  INFO 2244 --- [mtp-hr-service] [MessageBroker-1] com.mtp.api.utils.ZkDeviceClient         : [ZK-Protocol] Modern user tables empty. Trying Streaming Legacy CMD_USER_RRQ...
2026-06-30T09:20:51.151+07:00  INFO 2244 --- [mtp-hr-service] [MessageBroker-1] com.mtp.api.utils.ZkDeviceClient         : [ZK-Protocol] UDP failed. Attempting TCP fallback for User List...
2026-06-30T09:20:51.207+07:00  INFO 2244 --- [mtp-hr-service] [MessageBroker-1] c.m.a.s.impl.AttendanceServiceImpl       : [ZK-Registry] Found 0 names on hardware.
2026-06-30T09:20:51.990+07:00  INFO 2244 --- [mtp-hr-service] [MessageBroker-1] com.mtp.api.utils.ZkDeviceClient         : [ZK-Protocol] Session Locked & Confirmed: 35364
2026-06-30T09:20:52.017+07:00  INFO 2244 --- [mtp-hr-service] [MessageBroker-1] com.mtp.api.utils.ZkDeviceClient         : [ZK-Protocol] Using Legacy CMD_ATTLOG_RRQ for hardware compatibility...
2026-06-30T09:20:52.026+07:00  INFO 2244 --- [mtp-hr-service] [MessageBroker-1] com.mtp.api.utils.ZkDeviceClient         : [ZK-Protocol] UDP stream returned no legacy data. Probing modern attlog table...
2026-06-30T09:20:52.083+07:00  INFO 2244 --- [mtp-hr-service] [MessageBroker-1] c.m.a.s.impl.AttendanceServiceImpl       : No new logs found on device: 192.168.2.10
2026-06-30T09:20:52.108+07:00  INFO 2244 --- [mtp-hr-service] [MessageBroker-1] c.m.a.s.impl.AttendanceServiceImpl       : System Employee ID Samples: [101, 102, 103, USR-admin@mtp.com, USR-superadmin@mloptapang.org, EMP-2026-0012]
2026-06-30T09:20:52.109+07:00  INFO 2244 --- [mtp-hr-service] [MessageBroker-1] c.m.a.s.impl.AttendanceServiceImpl       : Connecting to hardware node: 192.168.5.10
2026-06-30T09:20:52.110+07:00  INFO 2244 --- [mtp-hr-service] [MessageBroker-1] com.mtp.api.utils.ZkDeviceClient         : Fetching User Registry from hardware: 192.168.5.10
2026-06-30T09:21:00.118+07:00 ERROR 2244 --- [mtp-hr-service] [MessageBroker-1] c.m.a.s.impl.AttendanceServiceImpl       : Hardware Protocol Error [192.168.5.10]: Receive timed out
2026-06-30T09:21:00.128+07:00  INFO 2244 --- [mtp-hr-service] [MessageBroker-1] c.m.a.s.impl.AttendanceServiceImpl       : System Employee ID Samples: [101, 102, 103, USR-admin@mtp.com, USR-superadmin@mloptapang.org, EMP-2026-0012]
2026-06-30T09:21:00.131+07:00  INFO 2244 --- [mtp-hr-service] [MessageBroker-1] c.m.a.s.impl.AttendanceServiceImpl       : Connecting to hardware node: 192.168.2.10
2026-06-30T09:21:00.131+07:00  INFO 2244 --- [mtp-hr-service] [MessageBroker-1] com.mtp.api.utils.ZkDeviceClient         : Fetching User Registry from hardware: 192.168.2.10
2026-06-30T09:21:00.157+07:00  INFO 2244 --- [mtp-hr-service] [MessageBroker-1] com.mtp.api.utils.ZkDeviceClient         : [ZK-Protocol] Session Locked & Confirmed: 35372
2026-06-30T09:21:00.186+07:00  INFO 2244 --- [mtp-hr-service] [MessageBroker-1] com.mtp.api.utils.ZkDeviceClient         : [ZK-Protocol] Probing user table: user...
2026-06-30T09:21:00.196+07:00  INFO 2244 --- [mtp-hr-service] [MessageBroker-1] com.mtp.api.utils.ZkDeviceClient         : [ZK-Protocol] Probing user table: USER_INFO...
2026-06-30T09:21:00.206+07:00  INFO 2244 --- [mtp-hr-service] [MessageBroker-1] com.mtp.api.utils.ZkDeviceClient         : [ZK-Protocol] Probing user table: person...
2026-06-30T09:21:00.217+07:00  INFO 2244 --- [mtp-hr-service] [MessageBroker-1] com.mtp.api.utils.ZkDeviceClient         : [ZK-Protocol] Modern user tables empty. Trying Streaming Legacy CMD_USER_RRQ...
2026-06-30T09:21:00.230+07:00  INFO 2244 --- [mtp-hr-service] [MessageBroker-1] com.mtp.api.utils.ZkDeviceClient         : [ZK-Protocol] UDP failed. Attempting TCP fallback for User List...
2026-06-30T09:21:00.265+07:00  INFO 2244 --- [mtp-hr-service] [MessageBroker-1] c.m.a.s.impl.AttendanceServiceImpl       : [ZK-Registry] Found 0 names on hardware.
2026-06-30T09:21:00.992+07:00  INFO 2244 --- [mtp-hr-service] [MessageBroker-1] com.mtp.api.utils.ZkDeviceClient         : [ZK-Protocol] Session Locked & Confirmed: 35373
2026-06-30T09:21:01.029+07:00  INFO 2244 --- [mtp-hr-service] [MessageBroker-1] com.mtp.api.utils.ZkDeviceClient         : [ZK-Protocol] Using Legacy CMD_ATTLOG_RRQ for hardware compatibility...
2026-06-30T09:21:01.039+07:00  INFO 2244 --- [mtp-hr-service] [MessageBroker-1] com.mtp.api.utils.ZkDeviceClient         : [ZK-Protocol] UDP stream returned no legacy data. Probing modern attlog table...
2026-06-30T09:21:01.071+07:00  INFO 2244 --- [mtp-hr-service] [MessageBroker-1] c.m.a.s.impl.AttendanceServiceImpl       : No new logs found on device: 192.168.2.10
2026-06-30T09:25:50.497+07:00  INFO 2244 --- [mtp-hr-service] [AsyncResolver-bootstrap-executor-%d] c.n.d.s.r.aws.ConfigClusterResolver      : Resolving eureka endpoints via configuration
2026-06-30T09:27:56.369+07:00 DEBUG 2244 --- [mtp-hr-service] [tomcat-handler-267] o.s.security.web.FilterChainProxy        : Securing GET /api/chat/history/public
2026-06-30T09:27:56.371+07:00 DEBUG 2244 --- [mtp-hr-service] [tomcat-handler-268] o.s.security.web.FilterChainProxy        : Securing GET /api/chat/history/public
2026-06-30T09:27:56.389+07:00 DEBUG 2244 --- [mtp-hr-service] [tomcat-handler-272] o.s.security.web.FilterChainProxy        : Securing GET /api/chat/history/user/superadmin@mloptapang.org
2026-06-30T09:27:56.428+07:00 DEBUG 2244 --- [mtp-hr-service] [tomcat-handler-276] o.s.security.web.FilterChainProxy        : Securing GET /api/chat/history/user/superadmin@mloptapang.org
2026-06-30T09:27:56.445+07:00 DEBUG 2244 --- [mtp-hr-service] [tomcat-handler-278] o.s.security.web.FilterChainProxy        : Securing GET /api/settings/APP_LOGO
2026-06-30T09:27:56.451+07:00 DEBUG 2244 --- [mtp-hr-service] [tomcat-handler-277] o.s.security.web.FilterChainProxy        : Securing GET /api/settings/APP_LOGO
2026-06-30T09:27:56.473+07:00 DEBUG 2244 --- [mtp-hr-service] [tomcat-handler-267] o.s.security.web.FilterChainProxy        : Secured GET /api/chat/history/public
2026-06-30T09:27:56.475+07:00 DEBUG 2244 --- [mtp-hr-service] [tomcat-handler-268] o.s.security.web.FilterChainProxy        : Secured GET /api/chat/history/public
2026-06-30T09:27:56.479+07:00 DEBUG 2244 --- [mtp-hr-service] [tomcat-handler-272] o.s.security.web.FilterChainProxy        : Secured GET /api/chat/history/user/superadmin@mloptapang.org
2026-06-30T09:27:56.514+07:00 DEBUG 2244 --- [mtp-hr-service] [tomcat-handler-276] o.s.security.web.FilterChainProxy        : Secured GET /api/chat/history/user/superadmin@mloptapang.org
2026-06-30T09:27:56.532+07:00 DEBUG 2244 --- [mtp-hr-service] [tomcat-handler-278] o.s.security.web.FilterChainProxy        : Secured GET /api/settings/APP_LOGO
2026-06-30T09:27:56.538+07:00 DEBUG 2244 --- [mtp-hr-service] [tomcat-handler-277] o.s.security.web.FilterChainProxy        : Secured GET /api/settings/APP_LOGO
2026-06-30T09:28:01.281+07:00 DEBUG 2244 --- [mtp-hr-service] [tomcat-handler-282] o.s.security.web.FilterChainProxy        : Securing GET /api/chat/history/user/superadmin@mloptapang.org
2026-06-30T09:28:01.298+07:00 DEBUG 2244 --- [mtp-hr-service] [tomcat-handler-283] o.s.security.web.FilterChainProxy        : Securing GET /api/chat/history/user/superadmin@mloptapang.org
2026-06-30T09:28:01.319+07:00 DEBUG 2244 --- [mtp-hr-service] [tomcat-handler-284] o.s.security.web.FilterChainProxy        : Securing GET /api/users/me
2026-06-30T09:28:01.319+07:00 DEBUG 2244 --- [mtp-hr-service] [tomcat-handler-285] o.s.security.web.FilterChainProxy        : Securing GET /api/settings/APP_LOGO
2026-06-30T09:28:01.331+07:00 DEBUG 2244 --- [mtp-hr-service] [tomcat-handler-286] o.s.security.web.FilterChainProxy        : Securing GET /api/settings/APP_LOGO
2026-06-30T09:28:01.334+07:00 DEBUG 2244 --- [mtp-hr-service] [tomcat-handler-287] o.s.security.web.FilterChainProxy        : Securing GET /api/users/me
2026-06-30T09:28:01.408+07:00 DEBUG 2244 --- [mtp-hr-service] [tomcat-handler-282] o.s.security.web.FilterChainProxy        : Secured GET /api/chat/history/user/superadmin@mloptapang.org
2026-06-30T09:28:01.411+07:00 DEBUG 2244 --- [mtp-hr-service] [tomcat-handler-283] o.s.security.web.FilterChainProxy        : Secured GET /api/chat/history/user/superadmin@mloptapang.org
2026-06-30T09:28:01.426+07:00 DEBUG 2244 --- [mtp-hr-service] [tomcat-handler-284] o.s.security.web.FilterChainProxy        : Secured GET /api/users/me
2026-06-30T09:28:01.436+07:00 DEBUG 2244 --- [mtp-hr-service] [tomcat-handler-287] o.s.security.web.FilterChainProxy        : Secured GET /api/users/me
2026-06-30T09:28:01.439+07:00 DEBUG 2244 --- [mtp-hr-service] [tomcat-handler-285] o.s.security.web.FilterChainProxy        : Secured GET /api/settings/APP_LOGO
2026-06-30T09:28:01.441+07:00 DEBUG 2244 --- [mtp-hr-service] [tomcat-handler-286] o.s.security.web.FilterChainProxy        : Secured GET /api/settings/APP_LOGO
2026-06-30T09:28:03.065+07:00 DEBUG 2244 --- [mtp-hr-service] [tomcat-handler-289] o.s.security.web.FilterChainProxy        : Securing GET /api/chat/history/user/superadmin@mloptapang.org
2026-06-30T09:28:03.086+07:00 DEBUG 2244 --- [mtp-hr-service] [tomcat-handler-290] o.s.security.web.FilterChainProxy        : Securing GET /api/chat/history/user/superadmin@mloptapang.org
2026-06-30T09:28:03.109+07:00 DEBUG 2244 --- [mtp-hr-service] [tomcat-handler-293] o.s.security.web.FilterChainProxy        : Securing GET /api/chat/history/public
2026-06-30T09:28:03.109+07:00 DEBUG 2244 --- [mtp-hr-service] [tomcat-handler-294] o.s.security.web.FilterChainProxy        : Securing GET /api/settings/APP_LOGO
2026-06-30T09:28:03.109+07:00 DEBUG 2244 --- [mtp-hr-service] [tomcat-handler-292] o.s.security.web.FilterChainProxy        : Securing GET /api/settings/APP_LOGO
2026-06-30T09:28:03.107+07:00 DEBUG 2244 --- [mtp-hr-service] [tomcat-handler-291] o.s.security.web.FilterChainProxy        : Securing GET /api/chat/history/public
2026-06-30T09:28:03.169+07:00 DEBUG 2244 --- [mtp-hr-service] [tomcat-handler-289] o.s.security.web.FilterChainProxy        : Secured GET /api/chat/history/user/superadmin@mloptapang.org
2026-06-30T09:28:03.186+07:00 DEBUG 2244 --- [mtp-hr-service] [tomcat-handler-290] o.s.security.web.FilterChainProxy        : Secured GET /api/chat/history/user/superadmin@mloptapang.org
2026-06-30T09:28:03.218+07:00 DEBUG 2244 --- [mtp-hr-service] [tomcat-handler-291] o.s.security.web.FilterChainProxy        : Secured GET /api/chat/history/public
2026-06-30T09:28:03.218+07:00 DEBUG 2244 --- [mtp-hr-service] [tomcat-handler-292] o.s.security.web.FilterChainProxy        : Secured GET /api/settings/APP_LOGO
2026-06-30T09:28:03.221+07:00 DEBUG 2244 --- [mtp-hr-service] [tomcat-handler-294] o.s.security.web.FilterChainProxy        : Secured GET /api/settings/APP_LOGO
2026-06-30T09:28:03.236+07:00 DEBUG 2244 --- [mtp-hr-service] [tomcat-handler-293] o.s.security.web.FilterChainProxy        : Secured GET /api/chat/history/public
2026-06-30T09:28:47.334+07:00 DEBUG 2244 --- [mtp-hr-service] [tomcat-handler-297] o.s.security.web.FilterChainProxy        : Securing GET /api/chat/history/user/superadmin@mloptapang.org
2026-06-30T09:28:47.348+07:00 DEBUG 2244 --- [mtp-hr-service] [tomcat-handler-299] o.s.security.web.FilterChainProxy        : Securing GET /api/chat/history/user/superadmin@mloptapang.org
2026-06-30T09:28:47.360+07:00 DEBUG 2244 --- [mtp-hr-service] [tomcat-handler-300] o.s.security.web.FilterChainProxy        : Securing GET /api/settings/APP_LOGO
2026-06-30T09:28:47.372+07:00 DEBUG 2244 --- [mtp-hr-service] [tomcat-handler-301] o.s.security.web.FilterChainProxy        : Securing GET /api/users/me
2026-06-30T09:28:47.381+07:00 DEBUG 2244 --- [mtp-hr-service] [tomcat-handler-302] o.s.security.web.FilterChainProxy        : Securing GET /api/settings/APP_LOGO
2026-06-30T09:28:47.385+07:00 DEBUG 2244 --- [mtp-hr-service] [tomcat-handler-303] o.s.security.web.FilterChainProxy        : Securing GET /api/users/me
2026-06-30T09:28:47.436+07:00 DEBUG 2244 --- [mtp-hr-service] [tomcat-handler-297] o.s.security.web.FilterChainProxy        : Secured GET /api/chat/history/user/superadmin@mloptapang.org
2026-06-30T09:28:47.440+07:00 DEBUG 2244 --- [mtp-hr-service] [tomcat-handler-299] o.s.security.web.FilterChainProxy        : Secured GET /api/chat/history/user/superadmin@mloptapang.org
2026-06-30T09:28:47.440+07:00 DEBUG 2244 --- [mtp-hr-service] [tomcat-handler-300] o.s.security.web.FilterChainProxy        : Secured GET /api/settings/APP_LOGO
2026-06-30T09:28:47.457+07:00 DEBUG 2244 --- [mtp-hr-service] [tomcat-handler-302] o.s.security.web.FilterChainProxy        : Secured GET /api/settings/APP_LOGO
2026-06-30T09:28:47.474+07:00 DEBUG 2244 --- [mtp-hr-service] [tomcat-handler-301] o.s.security.web.FilterChainProxy        : Secured GET /api/users/me
2026-06-30T09:28:47.481+07:00 DEBUG 2244 --- [mtp-hr-service] [tomcat-handler-303] o.s.security.web.FilterChainProxy        : Secured GET /api/users/me
2026-06-30T09:28:48.453+07:00 DEBUG 2244 --- [mtp-hr-service] [tomcat-handler-311] o.s.security.web.FilterChainProxy        : Securing GET /api/chat/history/public
2026-06-30T09:28:48.456+07:00 DEBUG 2244 --- [mtp-hr-service] [tomcat-handler-312] o.s.security.web.FilterChainProxy        : Securing GET /api/chat/history/public
2026-06-30T09:28:48.526+07:00 DEBUG 2244 --- [mtp-hr-service] [tomcat-handler-314] o.s.security.web.FilterChainProxy        : Securing GET /api/chat/history/user/superadmin@mloptapang.org
2026-06-30T09:28:48.536+07:00 DEBUG 2244 --- [mtp-hr-service] [tomcat-handler-311] o.s.security.web.FilterChainProxy        : Secured GET /api/chat/history/public
2026-06-30T09:28:48.536+07:00 DEBUG 2244 --- [mtp-hr-service] [tomcat-handler-312] o.s.security.web.FilterChainProxy        : Secured GET /api/chat/history/public
2026-06-30T09:28:48.600+07:00 DEBUG 2244 --- [mtp-hr-service] [tomcat-handler-317] o.s.security.web.FilterChainProxy        : Securing GET /api/chat/history/user/superadmin@mloptapang.org
2026-06-30T09:28:48.620+07:00 DEBUG 2244 --- [mtp-hr-service] [tomcat-handler-323] o.s.security.web.FilterChainProxy        : Securing GET /api/settings/APP_LOGO
2026-06-30T09:28:48.625+07:00 DEBUG 2244 --- [mtp-hr-service] [tomcat-handler-324] o.s.security.web.FilterChainProxy        : Securing GET /api/settings/APP_LOGO
2026-06-30T09:28:48.803+07:00 DEBUG 2244 --- [mtp-hr-service] [tomcat-handler-314] o.s.security.web.FilterChainProxy        : Secured GET /api/chat/history/user/superadmin@mloptapang.org
2026-06-30T09:28:48.865+07:00 DEBUG 2244 --- [mtp-hr-service] [tomcat-handler-323] o.s.security.web.FilterChainProxy        : Secured GET /api/settings/APP_LOGO
2026-06-30T09:28:48.865+07:00 DEBUG 2244 --- [mtp-hr-service] [tomcat-handler-317] o.s.security.web.FilterChainProxy        : Secured GET /api/chat/history/user/superadmin@mloptapang.org
2026-06-30T09:28:48.871+07:00 DEBUG 2244 --- [mtp-hr-service] [tomcat-handler-324] o.s.security.web.FilterChainProxy        : Secured GET /api/settings/APP_LOGO
2026-06-30T09:29:40.902+07:00 DEBUG 2244 --- [mtp-hr-service] [tomcat-handler-326] o.s.security.web.FilterChainProxy        : Securing GET /api/chat/history/user/superadmin@mloptapang.org
2026-06-30T09:29:40.912+07:00 DEBUG 2244 --- [mtp-hr-service] [tomcat-handler-329] o.s.security.web.FilterChainProxy        : Securing GET /api/chat/history/user/superadmin@mloptapang.org
2026-06-30T09:29:40.924+07:00 DEBUG 2244 --- [mtp-hr-service] [tomcat-handler-330] o.s.security.web.FilterChainProxy        : Securing GET /api/settings/APP_LOGO
2026-06-30T09:29:40.933+07:00 DEBUG 2244 --- [mtp-hr-service] [tomcat-handler-331] o.s.security.web.FilterChainProxy        : Securing GET /api/users/me
2026-06-30T09:29:40.938+07:00 DEBUG 2244 --- [mtp-hr-service] [tomcat-handler-332] o.s.security.web.FilterChainProxy        : Securing GET /api/users/me
2026-06-30T09:29:40.939+07:00 DEBUG 2244 --- [mtp-hr-service] [tomcat-handler-333] o.s.security.web.FilterChainProxy        : Securing GET /api/settings/APP_LOGO
2026-06-30T09:29:41.021+07:00 DEBUG 2244 --- [mtp-hr-service] [tomcat-handler-330] o.s.security.web.FilterChainProxy        : Secured GET /api/settings/APP_LOGO
2026-06-30T09:29:41.021+07:00 DEBUG 2244 --- [mtp-hr-service] [tomcat-handler-326] o.s.security.web.FilterChainProxy        : Secured GET /api/chat/history/user/superadmin@mloptapang.org
2026-06-30T09:29:41.023+07:00 DEBUG 2244 --- [mtp-hr-service] [tomcat-handler-331] o.s.security.web.FilterChainProxy        : Secured GET /api/users/me
2026-06-30T09:29:41.023+07:00 DEBUG 2244 --- [mtp-hr-service] [tomcat-handler-329] o.s.security.web.FilterChainProxy        : Secured GET /api/chat/history/user/superadmin@mloptapang.org
2026-06-30T09:29:41.035+07:00 DEBUG 2244 --- [mtp-hr-service] [tomcat-handler-333] o.s.security.web.FilterChainProxy        : Secured GET /api/settings/APP_LOGO
2026-06-30T09:29:41.064+07:00 DEBUG 2244 --- [mtp-hr-service] [tomcat-handler-332] o.s.security.web.FilterChainProxy        : Secured GET /api/users/me
2026-06-30T09:29:41.864+07:00 DEBUG 2244 --- [mtp-hr-service] [tomcat-handler-339] o.s.security.web.FilterChainProxy        : Securing GET /api/chat/history/public
2026-06-30T09:29:41.866+07:00 DEBUG 2244 --- [mtp-hr-service] [tomcat-handler-340] o.s.security.web.FilterChainProxy        : Securing GET /api/chat/history/public
2026-06-30T09:29:41.963+07:00 DEBUG 2244 --- [mtp-hr-service] [tomcat-handler-339] o.s.security.web.FilterChainProxy        : Secured GET /api/chat/history/public
2026-06-30T09:29:41.975+07:00 DEBUG 2244 --- [mtp-hr-service] [tomcat-handler-343] o.s.security.web.FilterChainProxy        : Securing GET /api/chat/history/user/superadmin@mloptapang.org
2026-06-30T09:29:42.004+07:00 DEBUG 2244 --- [mtp-hr-service] [tomcat-handler-345] o.s.security.web.FilterChainProxy        : Securing GET /api/chat/history/user/superadmin@mloptapang.org
2026-06-30T09:29:42.059+07:00 DEBUG 2244 --- [mtp-hr-service] [tomcat-handler-347] o.s.security.web.FilterChainProxy        : Securing GET /api/settings/APP_LOGO
2026-06-30T09:29:42.113+07:00 DEBUG 2244 --- [mtp-hr-service] [tomcat-handler-340] o.s.security.web.FilterChainProxy        : Secured GET /api/chat/history/public
2026-06-30T09:29:42.114+07:00 DEBUG 2244 --- [mtp-hr-service] [tomcat-handler-346] o.s.security.web.FilterChainProxy        : Securing GET /api/settings/APP_LOGO
2026-06-30T09:29:42.200+07:00 DEBUG 2244 --- [mtp-hr-service] [tomcat-handler-343] o.s.security.web.FilterChainProxy        : Secured GET /api/chat/history/user/superadmin@mloptapang.org
2026-06-30T09:29:42.209+07:00 DEBUG 2244 --- [mtp-hr-service] [tomcat-handler-346] o.s.security.web.FilterChainProxy        : Secured GET /api/settings/APP_LOGO
2026-06-30T09:29:42.210+07:00 DEBUG 2244 --- [mtp-hr-service] [tomcat-handler-347] o.s.security.web.FilterChainProxy        : Secured GET /api/settings/APP_LOGO
2026-06-30T09:29:42.250+07:00 DEBUG 2244 --- [mtp-hr-service] [tomcat-handler-345] o.s.security.web.FilterChainProxy        : Secured GET /api/chat/history/user/superadmin@mloptapang.org
2026-06-30T09:29:47.096+07:00 DEBUG 2244 --- [mtp-hr-service] [tomcat-handler-349] o.s.security.web.FilterChainProxy        : Securing GET /api/chat/history/user/superadmin@mloptapang.org
2026-06-30T09:29:47.109+07:00 DEBUG 2244 --- [mtp-hr-service] [tomcat-handler-354] o.s.security.web.FilterChainProxy        : Securing GET /api/chat/history/user/superadmin@mloptapang.org
2026-06-30T09:29:47.124+07:00 DEBUG 2244 --- [mtp-hr-service] [tomcat-handler-355] o.s.security.web.FilterChainProxy        : Securing GET /api/settings/APP_LOGO
2026-06-30T09:29:47.137+07:00 DEBUG 2244 --- [mtp-hr-service] [tomcat-handler-356] o.s.security.web.FilterChainProxy        : Securing GET /api/tickets
2026-06-30T09:29:47.140+07:00 DEBUG 2244 --- [mtp-hr-service] [tomcat-handler-357] o.s.security.web.FilterChainProxy        : Securing GET /api/tickets
2026-06-30T09:29:47.144+07:00 DEBUG 2244 --- [mtp-hr-service] [tomcat-handler-358] o.s.security.web.FilterChainProxy        : Securing GET /api/settings/APP_LOGO
2026-06-30T09:29:47.233+07:00 DEBUG 2244 --- [mtp-hr-service] [tomcat-handler-349] o.s.security.web.FilterChainProxy        : Secured GET /api/chat/history/user/superadmin@mloptapang.org
2026-06-30T09:29:47.234+07:00 DEBUG 2244 --- [mtp-hr-service] [tomcat-handler-354] o.s.security.web.FilterChainProxy        : Secured GET /api/chat/history/user/superadmin@mloptapang.org
2026-06-30T09:29:47.251+07:00 DEBUG 2244 --- [mtp-hr-service] [tomcat-handler-358] o.s.security.web.FilterChainProxy        : Secured GET /api/settings/APP_LOGO
2026-06-30T09:29:47.255+07:00 DEBUG 2244 --- [mtp-hr-service] [tomcat-handler-355] o.s.security.web.FilterChainProxy        : Secured GET /api/settings/APP_LOGO
2026-06-30T09:29:47.266+07:00 DEBUG 2244 --- [mtp-hr-service] [tomcat-handler-356] o.s.security.web.FilterChainProxy        : Secured GET /api/tickets
2026-06-30T09:29:47.274+07:00 DEBUG 2244 --- [mtp-hr-service] [tomcat-handler-357] o.s.security.web.FilterChainProxy        : Secured GET /api/tickets
2026-06-30T09:29:54.430+07:00  WARN 2244 --- [mtp-hr-service] [tomcat-handler-356] c.m.api.config.PerformanceMonitorAspect  : SLOW_API | SupportTicketController.getAll() | 7163ms — consider adding @Cacheable or pagination
2026-06-30T09:29:54.494+07:00  WARN 2244 --- [mtp-hr-service] [tomcat-handler-357] c.m.api.config.PerformanceMonitorAspect  : SLOW_API | SupportTicketController.getAll() | 7218ms — consider adding @Cacheable or pagination
2026-06-30T09:30:06.477+07:00 DEBUG 2244 --- [mtp-hr-service] [tomcat-handler-360] o.s.security.web.FilterChainProxy        : Securing GET /api/chat/history/user/superadmin@mloptapang.org
2026-06-30T09:30:06.500+07:00 DEBUG 2244 --- [mtp-hr-service] [tomcat-handler-363] o.s.security.web.FilterChainProxy        : Securing GET /api/chat/history/user/superadmin@mloptapang.org
2026-06-30T09:30:06.552+07:00 DEBUG 2244 --- [mtp-hr-service] [tomcat-handler-364] o.s.security.web.FilterChainProxy        : Securing GET /api/settings/APP_LOGO
2026-06-30T09:30:06.556+07:00 DEBUG 2244 --- [mtp-hr-service] [tomcat-handler-365] o.s.security.web.FilterChainProxy        : Securing GET /api/settings/APP_LOGO
2026-06-30T09:30:06.659+07:00 DEBUG 2244 --- [mtp-hr-service] [tomcat-handler-364] o.s.security.web.FilterChainProxy        : Secured GET /api/settings/APP_LOGO
2026-06-30T09:30:06.659+07:00 DEBUG 2244 --- [mtp-hr-service] [tomcat-handler-363] o.s.security.web.FilterChainProxy        : Secured GET /api/chat/history/user/superadmin@mloptapang.org
2026-06-30T09:30:06.661+07:00 DEBUG 2244 --- [mtp-hr-service] [tomcat-handler-360] o.s.security.web.FilterChainProxy        : Secured GET /api/chat/history/user/superadmin@mloptapang.org
2026-06-30T09:30:06.668+07:00 DEBUG 2244 --- [mtp-hr-service] [tomcat-handler-365] o.s.security.web.FilterChainProxy        : Secured GET /api/settings/APP_LOGO
2026-06-30T09:30:50.503+07:00  INFO 2244 --- [mtp-hr-service] [AsyncResolver-bootstrap-executor-%d] c.n.d.s.r.aws.ConfigClusterResolver      : Resolving eureka endpoints via configuration
2026-06-30T09:32:26.610+07:00 DEBUG 2244 --- [mtp-hr-service] [tomcat-handler-373] o.s.security.web.FilterChainProxy        : Securing GET /api/chat/history/user/superadmin@mloptapang.org
2026-06-30T09:32:26.622+07:00 DEBUG 2244 --- [mtp-hr-service] [tomcat-handler-376] o.s.security.web.FilterChainProxy        : Securing GET /api/chat/history/user/superadmin@mloptapang.org
2026-06-30T09:32:26.654+07:00 DEBUG 2244 --- [mtp-hr-service] [tomcat-handler-377] o.s.security.web.FilterChainProxy        : Securing GET /api/settings/APP_LOGO
2026-06-30T09:32:26.668+07:00 DEBUG 2244 --- [mtp-hr-service] [tomcat-handler-378] o.s.security.web.FilterChainProxy        : Securing GET /api/settings/APP_LOGO
2026-06-30T09:32:26.759+07:00 DEBUG 2244 --- [mtp-hr-service] [tomcat-handler-373] o.s.security.web.FilterChainProxy        : Secured GET /api/chat/history/user/superadmin@mloptapang.org
2026-06-30T09:32:26.767+07:00 DEBUG 2244 --- [mtp-hr-service] [tomcat-handler-376] o.s.security.web.FilterChainProxy        : Secured GET /api/chat/history/user/superadmin@mloptapang.org
2026-06-30T09:32:26.795+07:00 DEBUG 2244 --- [mtp-hr-service] [tomcat-handler-378] o.s.security.web.FilterChainProxy        : Secured GET /api/settings/APP_LOGO
2026-06-30T09:32:26.797+07:00 DEBUG 2244 --- [mtp-hr-service] [tomcat-handler-377] o.s.security.web.FilterChainProxy        : Secured GET /api/settings/APP_LOGO
2026-06-30T09:32:34.071+07:00 DEBUG 2244 --- [mtp-hr-service] [tomcat-handler-382] o.s.security.web.FilterChainProxy        : Securing GET /api/chat/history/user/superadmin@mloptapang.org
2026-06-30T09:32:34.081+07:00 DEBUG 2244 --- [mtp-hr-service] [tomcat-handler-384] o.s.security.web.FilterChainProxy        : Securing GET /api/chat/history/user/superadmin@mloptapang.org
2026-06-30T09:32:34.121+07:00 DEBUG 2244 --- [mtp-hr-service] [tomcat-handler-385] o.s.security.web.FilterChainProxy        : Securing GET /api/settings/APP_LOGO
2026-06-30T09:32:34.157+07:00 DEBUG 2244 --- [mtp-hr-service] [tomcat-handler-386] o.s.security.web.FilterChainProxy        : Securing GET /api/settings/APP_LOGO
2026-06-30T09:32:34.191+07:00 DEBUG 2244 --- [mtp-hr-service] [tomcat-handler-384] o.s.security.web.FilterChainProxy        : Secured GET /api/chat/history/user/superadmin@mloptapang.org
2026-06-30T09:32:34.191+07:00 DEBUG 2244 --- [mtp-hr-service] [tomcat-handler-382] o.s.security.web.FilterChainProxy        : Secured GET /api/chat/history/user/superadmin@mloptapang.org
2026-06-30T09:32:34.214+07:00 DEBUG 2244 --- [mtp-hr-service] [tomcat-handler-385] o.s.security.web.FilterChainProxy        : Secured GET /api/settings/APP_LOGO
2026-06-30T09:32:34.226+07:00 DEBUG 2244 --- [mtp-hr-service] [tomcat-handler-386] o.s.security.web.FilterChainProxy        : Secured GET /api/settings/APP_LOGO
2026-06-30T09:32:38.175+07:00 DEBUG 2244 --- [mtp-hr-service] [tomcat-handler-393] o.s.security.web.FilterChainProxy        : Securing GET /api/chat/history/public
2026-06-30T09:32:38.248+07:00 DEBUG 2244 --- [mtp-hr-service] [tomcat-handler-393] o.s.security.web.FilterChainProxy        : Secured GET /api/chat/history/public
2026-06-30T09:32:38.348+07:00 DEBUG 2244 --- [mtp-hr-service] [tomcat-handler-400] o.s.security.web.FilterChainProxy        : Securing GET /api/settings/APP_LOGO
2026-06-30T09:32:38.348+07:00 DEBUG 2244 --- [mtp-hr-service] [tomcat-handler-401] o.s.security.web.FilterChainProxy        : Securing GET /api/chat/history/user/superadmin@mloptapang.org
2026-06-30T09:32:38.349+07:00 DEBUG 2244 --- [mtp-hr-service] [tomcat-handler-402] o.s.security.web.FilterChainProxy        : Securing GET /api/chat/history/public
2026-06-30T09:32:38.353+07:00 DEBUG 2244 --- [mtp-hr-service] [tomcat-handler-404] o.s.security.web.FilterChainProxy        : Securing GET /api/settings/APP_LOGO
2026-06-30T09:32:38.353+07:00 DEBUG 2244 --- [mtp-hr-service] [tomcat-handler-403] o.s.security.web.FilterChainProxy        : Securing GET /api/chat/history/user/superadmin@mloptapang.org
2026-06-30T09:32:38.431+07:00 DEBUG 2244 --- [mtp-hr-service] [tomcat-handler-400] o.s.security.web.FilterChainProxy        : Secured GET /api/settings/APP_LOGO
2026-06-30T09:32:38.447+07:00 DEBUG 2244 --- [mtp-hr-service] [tomcat-handler-401] o.s.security.web.FilterChainProxy        : Secured GET /api/chat/history/user/superadmin@mloptapang.org
2026-06-30T09:32:38.468+07:00 DEBUG 2244 --- [mtp-hr-service] [tomcat-handler-402] o.s.security.web.FilterChainProxy        : Secured GET /api/chat/history/public
2026-06-30T09:32:38.489+07:00 DEBUG 2244 --- [mtp-hr-service] [tomcat-handler-404] o.s.security.web.FilterChainProxy        : Secured GET /api/settings/APP_LOGO
2026-06-30T09:32:38.519+07:00 DEBUG 2244 --- [mtp-hr-service] [tomcat-handler-403] o.s.security.web.FilterChainProxy        : Secured GET /api/chat/history/user/superadmin@mloptapang.org
2026-06-30T09:35:50.503+07:00  INFO 2244 --- [mtp-hr-service] [AsyncResolver-bootstrap-executor-%d] c.n.d.s.r.aws.ConfigClusterResolver      : Resolving eureka endpoints via configuration
2026-06-30T09:35:51.010+07:00  INFO 2244 --- [mtp-hr-service] [MessageBroker-4] c.m.a.s.impl.AttendanceServiceImpl       : [ZK-AutoSync] Waking up to process 3 hardware nodes...
2026-06-30T09:35:51.022+07:00  INFO 2244 --- [mtp-hr-service] [MessageBroker-4] c.m.a.s.impl.AttendanceServiceImpl       : System Employee ID Samples: [101, 102, 103, USR-admin@mtp.com, USR-superadmin@mloptapang.org, EMP-2026-0012]
2026-06-30T09:35:51.025+07:00  INFO 2244 --- [mtp-hr-service] [MessageBroker-4] c.m.a.s.impl.AttendanceServiceImpl       : Connecting to hardware node: 192.168.2.10
2026-06-30T09:35:51.025+07:00  INFO 2244 --- [mtp-hr-service] [MessageBroker-4] com.mtp.api.utils.ZkDeviceClient         : Fetching User Registry from hardware: 192.168.2.10
2026-06-30T09:35:51.062+07:00  INFO 2244 --- [mtp-hr-service] [MessageBroker-4] com.mtp.api.utils.ZkDeviceClient         : [ZK-Protocol] Session Locked & Confirmed: 36263
2026-06-30T09:35:51.099+07:00  INFO 2244 --- [mtp-hr-service] [MessageBroker-4] com.mtp.api.utils.ZkDeviceClient         : [ZK-Protocol] Probing user table: user...
2026-06-30T09:35:51.110+07:00  INFO 2244 --- [mtp-hr-service] [MessageBroker-4] com.mtp.api.utils.ZkDeviceClient         : [ZK-Protocol] Probing user table: USER_INFO...
2026-06-30T09:35:51.127+07:00  INFO 2244 --- [mtp-hr-service] [MessageBroker-4] com.mtp.api.utils.ZkDeviceClient         : [ZK-Protocol] Probing user table: person...
2026-06-30T09:35:51.138+07:00  INFO 2244 --- [mtp-hr-service] [MessageBroker-4] com.mtp.api.utils.ZkDeviceClient         : [ZK-Protocol] Modern user tables empty. Trying Streaming Legacy CMD_USER_RRQ...
2026-06-30T09:35:51.161+07:00  INFO 2244 --- [mtp-hr-service] [MessageBroker-4] com.mtp.api.utils.ZkDeviceClient         : [ZK-Protocol] UDP failed. Attempting TCP fallback for User List...
2026-06-30T09:35:51.193+07:00  INFO 2244 --- [mtp-hr-service] [MessageBroker-4] c.m.a.s.impl.AttendanceServiceImpl       : [ZK-Registry] Found 0 names on hardware.
2026-06-30T09:35:51.959+07:00  INFO 2244 --- [mtp-hr-service] [MessageBroker-4] com.mtp.api.utils.ZkDeviceClient         : [ZK-Protocol] Session Locked & Confirmed: 36264
2026-06-30T09:35:51.986+07:00  INFO 2244 --- [mtp-hr-service] [MessageBroker-4] com.mtp.api.utils.ZkDeviceClient         : [ZK-Protocol] Using Legacy CMD_ATTLOG_RRQ for hardware compatibility...
2026-06-30T09:35:51.997+07:00  INFO 2244 --- [mtp-hr-service] [MessageBroker-4] com.mtp.api.utils.ZkDeviceClient         : [ZK-Protocol] UDP stream returned no legacy data. Probing modern attlog table...
2026-06-30T09:35:52.031+07:00  INFO 2244 --- [mtp-hr-service] [MessageBroker-4] c.m.a.s.impl.AttendanceServiceImpl       : No new logs found on device: 192.168.2.10
2026-06-30T09:35:52.056+07:00  INFO 2244 --- [mtp-hr-service] [MessageBroker-4] c.m.a.s.impl.AttendanceServiceImpl       : System Employee ID Samples: [101, 102, 103, USR-admin@mtp.com, USR-superadmin@mloptapang.org, EMP-2026-0012]
2026-06-30T09:35:52.057+07:00  INFO 2244 --- [mtp-hr-service] [MessageBroker-4] c.m.a.s.impl.AttendanceServiceImpl       : Connecting to hardware node: 192.168.5.10
2026-06-30T09:35:52.057+07:00  INFO 2244 --- [mtp-hr-service] [MessageBroker-4] com.mtp.api.utils.ZkDeviceClient         : Fetching User Registry from hardware: 192.168.5.10
2026-06-30T09:36:00.065+07:00 ERROR 2244 --- [mtp-hr-service] [MessageBroker-4] c.m.a.s.impl.AttendanceServiceImpl       : Hardware Protocol Error [192.168.5.10]: Receive timed out
2026-06-30T09:36:00.084+07:00  INFO 2244 --- [mtp-hr-service] [MessageBroker-4] c.m.a.s.impl.AttendanceServiceImpl       : System Employee ID Samples: [101, 102, 103, USR-admin@mtp.com, USR-superadmin@mloptapang.org, EMP-2026-0012]
2026-06-30T09:36:00.085+07:00  INFO 2244 --- [mtp-hr-service] [MessageBroker-4] c.m.a.s.impl.AttendanceServiceImpl       : Connecting to hardware node: 192.168.2.10
2026-06-30T09:36:00.086+07:00  INFO 2244 --- [mtp-hr-service] [MessageBroker-4] com.mtp.api.utils.ZkDeviceClient         : Fetching User Registry from hardware: 192.168.2.10
2026-06-30T09:36:00.121+07:00  INFO 2244 --- [mtp-hr-service] [MessageBroker-4] com.mtp.api.utils.ZkDeviceClient         : [ZK-Protocol] Session Locked & Confirmed: 36272
2026-06-30T09:36:00.150+07:00  INFO 2244 --- [mtp-hr-service] [MessageBroker-4] com.mtp.api.utils.ZkDeviceClient         : [ZK-Protocol] Probing user table: user...
2026-06-30T09:36:00.160+07:00  INFO 2244 --- [mtp-hr-service] [MessageBroker-4] com.mtp.api.utils.ZkDeviceClient         : [ZK-Protocol] Probing user table: USER_INFO...
2026-06-30T09:36:00.171+07:00  INFO 2244 --- [mtp-hr-service] [MessageBroker-4] com.mtp.api.utils.ZkDeviceClient         : [ZK-Protocol] Probing user table: person...
2026-06-30T09:36:00.182+07:00  INFO 2244 --- [mtp-hr-service] [MessageBroker-4] com.mtp.api.utils.ZkDeviceClient         : [ZK-Protocol] Modern user tables empty. Trying Streaming Legacy CMD_USER_RRQ...
2026-06-30T09:36:00.194+07:00  INFO 2244 --- [mtp-hr-service] [MessageBroker-4] com.mtp.api.utils.ZkDeviceClient         : [ZK-Protocol] UDP failed. Attempting TCP fallback for User List...
2026-06-30T09:36:00.240+07:00  INFO 2244 --- [mtp-hr-service] [MessageBroker-4] c.m.a.s.impl.AttendanceServiceImpl       : [ZK-Registry] Found 0 names on hardware.
2026-06-30T09:36:00.958+07:00  INFO 2244 --- [mtp-hr-service] [MessageBroker-4] com.mtp.api.utils.ZkDeviceClient         : [ZK-Protocol] Session Locked & Confirmed: 36273
2026-06-30T09:36:00.988+07:00  INFO 2244 --- [mtp-hr-service] [MessageBroker-4] com.mtp.api.utils.ZkDeviceClient         : [ZK-Protocol] Using Legacy CMD_ATTLOG_RRQ for hardware compatibility...
2026-06-30T09:36:00.999+07:00  INFO 2244 --- [mtp-hr-service] [MessageBroker-4] com.mtp.api.utils.ZkDeviceClient         : [ZK-Protocol] UDP stream returned no legacy data. Probing modern attlog table...
2026-06-30T09:36:01.033+07:00  INFO 2244 --- [mtp-hr-service] [MessageBroker-4] c.m.a.s.impl.AttendanceServiceImpl       : No new logs found on device: 192.168.2.10
2026-06-30T09:36:34.808+07:00 DEBUG 2244 --- [mtp-hr-service] [tomcat-handler-414] o.s.security.web.FilterChainProxy        : Securing GET /api/chat/history/user/superadmin@mloptapang.org
2026-06-30T09:36:34.817+07:00 DEBUG 2244 --- [mtp-hr-service] [tomcat-handler-419] o.s.security.web.FilterChainProxy        : Securing GET /api/chat/history/user/superadmin@mloptapang.org
2026-06-30T09:36:34.873+07:00 DEBUG 2244 --- [mtp-hr-service] [tomcat-handler-420] o.s.security.web.FilterChainProxy        : Securing GET /api/settings/APP_LOGO
2026-06-30T09:36:34.875+07:00 DEBUG 2244 --- [mtp-hr-service] [tomcat-handler-421] o.s.security.web.FilterChainProxy        : Securing GET /api/settings/APP_LOGO
2026-06-30T09:36:34.983+07:00 DEBUG 2244 --- [mtp-hr-service] [tomcat-handler-419] o.s.security.web.FilterChainProxy        : Secured GET /api/chat/history/user/superadmin@mloptapang.org
2026-06-30T09:36:35.016+07:00 DEBUG 2244 --- [mtp-hr-service] [tomcat-handler-420] o.s.security.web.FilterChainProxy        : Secured GET /api/settings/APP_LOGO
2026-06-30T09:36:35.044+07:00 DEBUG 2244 --- [mtp-hr-service] [tomcat-handler-414] o.s.security.web.FilterChainProxy        : Secured GET /api/chat/history/user/superadmin@mloptapang.org
2026-06-30T09:36:35.077+07:00 DEBUG 2244 --- [mtp-hr-service] [tomcat-handler-421] o.s.security.web.FilterChainProxy        : Secured GET /api/settings/APP_LOGO
2026-06-30T09:36:50.253+07:00  INFO 2244 --- [mtp-hr-service] [MessageBroker-6] o.s.w.s.c.WebSocketMessageBrokerStats    : WebSocketSession[1 current WS(1)-HttpStream(0)-HttpPoll(0), 3 total, 0 closed abnormally (0 connect failure, 0 send limit, 0 transport error)], stompSubProtocol[processed CONNECT(3)-CONNECTED(3)-DISCONNECT(0)], stompBrokerRelay[null], inboundChannel[pool size = 16, active threads = 0, queued tasks = 0, completed tasks = 1179], outboundChannel[pool size = 0, active threads = 0, queued tasks = 0, completed tasks = 54], sockJsScheduler[pool size = 8, active threads = 1, queued tasks = 6, completed tasks = 2175]
2026-06-30T09:37:11.712+07:00 DEBUG 2244 --- [mtp-hr-service] [tomcat-handler-424] o.s.security.web.FilterChainProxy        : Securing GET /api/chat/history/user/superadmin@mloptapang.org
2026-06-30T09:37:11.717+07:00 DEBUG 2244 --- [mtp-hr-service] [tomcat-handler-427] o.s.security.web.FilterChainProxy        : Securing GET /api/chat/history/user/superadmin@mloptapang.org
2026-06-30T09:37:11.767+07:00 DEBUG 2244 --- [mtp-hr-service] [tomcat-handler-428] o.s.security.web.FilterChainProxy        : Securing GET /api/settings/APP_LOGO
2026-06-30T09:37:11.783+07:00 DEBUG 2244 --- [mtp-hr-service] [tomcat-handler-429] o.s.security.web.FilterChainProxy        : Securing GET /api/settings/APP_LOGO
2026-06-30T09:37:11.829+07:00 DEBUG 2244 --- [mtp-hr-service] [tomcat-handler-427] o.s.security.web.FilterChainProxy        : Secured GET /api/chat/history/user/superadmin@mloptapang.org
2026-06-30T09:37:11.833+07:00 DEBUG 2244 --- [mtp-hr-service] [tomcat-handler-424] o.s.security.web.FilterChainProxy        : Secured GET /api/chat/history/user/superadmin@mloptapang.org
2026-06-30T09:37:11.874+07:00 DEBUG 2244 --- [mtp-hr-service] [tomcat-handler-428] o.s.security.web.FilterChainProxy        : Secured GET /api/settings/APP_LOGO
2026-06-30T09:37:11.883+07:00 DEBUG 2244 --- [mtp-hr-service] [tomcat-handler-429] o.s.security.web.FilterChainProxy        : Secured GET /api/settings/APP_LOGO
2026-06-30T09:37:12.216+07:00 DEBUG 2244 --- [mtp-hr-service] [tomcat-handler-434] o.s.security.web.FilterChainProxy        : Securing GET /api/chat/history/user/superadmin@mloptapang.org
2026-06-30T09:37:12.223+07:00 DEBUG 2244 --- [mtp-hr-service] [tomcat-handler-437] o.s.security.web.FilterChainProxy        : Securing GET /api/chat/history/user/superadmin@mloptapang.org
2026-06-30T09:37:12.251+07:00 DEBUG 2244 --- [mtp-hr-service] [tomcat-handler-438] o.s.security.web.FilterChainProxy        : Securing GET /api/settings/APP_LOGO
2026-06-30T09:37:12.279+07:00 DEBUG 2244 --- [mtp-hr-service] [tomcat-handler-439] o.s.security.web.FilterChainProxy        : Securing GET /api/settings/APP_LOGO
2026-06-30T09:37:12.318+07:00 DEBUG 2244 --- [mtp-hr-service] [tomcat-handler-434] o.s.security.web.FilterChainProxy        : Secured GET /api/chat/history/user/superadmin@mloptapang.org
2026-06-30T09:37:12.347+07:00 DEBUG 2244 --- [mtp-hr-service] [tomcat-handler-438] o.s.security.web.FilterChainProxy        : Secured GET /api/settings/APP_LOGO
2026-06-30T09:37:12.353+07:00 DEBUG 2244 --- [mtp-hr-service] [tomcat-handler-439] o.s.security.web.FilterChainProxy        : Secured GET /api/settings/APP_LOGO
2026-06-30T09:37:12.589+07:00 DEBUG 2244 --- [mtp-hr-service] [tomcat-handler-437] o.s.security.web.FilterChainProxy        : Secured GET /api/chat/history/user/superadmin@mloptapang.org
2026-06-30T09:37:12.725+07:00 DEBUG 2244 --- [mtp-hr-service] [tomcat-handler-443] o.s.security.web.FilterChainProxy        : Securing GET /api/chat/history/user/superadmin@mloptapang.org
2026-06-30T09:37:12.734+07:00 DEBUG 2244 --- [mtp-hr-service] [tomcat-handler-445] o.s.security.web.FilterChainProxy        : Securing GET /api/chat/history/user/superadmin@mloptapang.org
2026-06-30T09:37:12.761+07:00 DEBUG 2244 --- [mtp-hr-service] [tomcat-handler-446] o.s.security.web.FilterChainProxy        : Securing GET /api/settings/APP_LOGO
2026-06-30T09:37:12.776+07:00 DEBUG 2244 --- [mtp-hr-service] [tomcat-handler-447] o.s.security.web.FilterChainProxy        : Securing GET /api/settings/APP_LOGO
2026-06-30T09:37:12.825+07:00 DEBUG 2244 --- [mtp-hr-service] [tomcat-handler-445] o.s.security.web.FilterChainProxy        : Secured GET /api/chat/history/user/superadmin@mloptapang.org
2026-06-30T09:37:12.825+07:00 DEBUG 2244 --- [mtp-hr-service] [tomcat-handler-443] o.s.security.web.FilterChainProxy        : Secured GET /api/chat/history/user/superadmin@mloptapang.org
2026-06-30T09:37:12.851+07:00 DEBUG 2244 --- [mtp-hr-service] [tomcat-handler-446] o.s.security.web.FilterChainProxy        : Secured GET /api/settings/APP_LOGO
2026-06-30T09:37:12.872+07:00 DEBUG 2244 --- [mtp-hr-service] [tomcat-handler-447] o.s.security.web.FilterChainProxy        : Secured GET /api/settings/APP_LOGO
2026-06-30T09:37:13.107+07:00 DEBUG 2244 --- [mtp-hr-service] [tomcat-handler-451] o.s.security.web.FilterChainProxy        : Securing GET /api/chat/history/user/superadmin@mloptapang.org
2026-06-30T09:37:13.114+07:00 DEBUG 2244 --- [mtp-hr-service] [tomcat-handler-453] o.s.security.web.FilterChainProxy        : Securing GET /api/chat/history/user/superadmin@mloptapang.org
2026-06-30T09:37:13.148+07:00 DEBUG 2244 --- [mtp-hr-service] [tomcat-handler-454] o.s.security.web.FilterChainProxy        : Securing GET /api/settings/APP_LOGO
2026-06-30T09:37:13.149+07:00 DEBUG 2244 --- [mtp-hr-service] [tomcat-handler-455] o.s.security.web.FilterChainProxy        : Securing GET /api/settings/APP_LOGO
2026-06-30T09:37:13.239+07:00 DEBUG 2244 --- [mtp-hr-service] [tomcat-handler-451] o.s.security.web.FilterChainProxy        : Secured GET /api/chat/history/user/superadmin@mloptapang.org
2026-06-30T09:37:13.256+07:00 DEBUG 2244 --- [mtp-hr-service] [tomcat-handler-453] o.s.security.web.FilterChainProxy        : Secured GET /api/chat/history/user/superadmin@mloptapang.org
2026-06-30T09:37:13.261+07:00 DEBUG 2244 --- [mtp-hr-service] [tomcat-handler-455] o.s.security.web.FilterChainProxy        : Secured GET /api/settings/APP_LOGO
2026-06-30T09:37:13.292+07:00 DEBUG 2244 --- [mtp-hr-service] [tomcat-handler-454] o.s.security.web.FilterChainProxy        : Secured GET /api/settings/APP_LOGO
2026-06-30T09:37:13.883+07:00 DEBUG 2244 --- [mtp-hr-service] [tomcat-handler-457] o.s.security.web.FilterChainProxy        : Securing GET /api/chat/history/user/superadmin@mloptapang.org
2026-06-30T09:37:13.910+07:00 DEBUG 2244 --- [mtp-hr-service] [tomcat-handler-461] o.s.security.web.FilterChainProxy        : Securing GET /api/chat/history/user/superadmin@mloptapang.org
2026-06-30T09:37:13.972+07:00 DEBUG 2244 --- [mtp-hr-service] [tomcat-handler-462] o.s.security.web.FilterChainProxy        : Securing GET /api/settings/APP_LOGO
2026-06-30T09:37:13.975+07:00 DEBUG 2244 --- [mtp-hr-service] [tomcat-handler-463] o.s.security.web.FilterChainProxy        : Securing GET /api/settings/APP_LOGO
2026-06-30T09:37:13.992+07:00 DEBUG 2244 --- [mtp-hr-service] [tomcat-handler-457] o.s.security.web.FilterChainProxy        : Secured GET /api/chat/history/user/superadmin@mloptapang.org
2026-06-30T09:37:13.993+07:00 DEBUG 2244 --- [mtp-hr-service] [tomcat-handler-461] o.s.security.web.FilterChainProxy        : Secured GET /api/chat/history/user/superadmin@mloptapang.org
2026-06-30T09:37:14.047+07:00 DEBUG 2244 --- [mtp-hr-service] [tomcat-handler-463] o.s.security.web.FilterChainProxy        : Secured GET /api/settings/APP_LOGO
2026-06-30T09:37:14.051+07:00 DEBUG 2244 --- [mtp-hr-service] [tomcat-handler-462] o.s.security.web.FilterChainProxy        : Secured GET /api/settings/APP_LOGO
2026-06-30T09:37:14.529+07:00 DEBUG 2244 --- [mtp-hr-service] [tomcat-handler-467] o.s.security.web.FilterChainProxy        : Securing GET /api/chat/history/user/superadmin@mloptapang.org
2026-06-30T09:37:14.538+07:00 DEBUG 2244 --- [mtp-hr-service] [tomcat-handler-469] o.s.security.web.FilterChainProxy        : Securing GET /api/chat/history/user/superadmin@mloptapang.org
2026-06-30T09:37:14.563+07:00 DEBUG 2244 --- [mtp-hr-service] [tomcat-handler-470] o.s.security.web.FilterChainProxy        : Securing GET /api/settings/APP_LOGO
2026-06-30T09:37:14.586+07:00 DEBUG 2244 --- [mtp-hr-service] [tomcat-handler-471] o.s.security.web.FilterChainProxy        : Securing GET /api/settings/APP_LOGO
2026-06-30T09:37:14.620+07:00 DEBUG 2244 --- [mtp-hr-service] [tomcat-handler-467] o.s.security.web.FilterChainProxy        : Secured GET /api/chat/history/user/superadmin@mloptapang.org
2026-06-30T09:37:14.630+07:00 DEBUG 2244 --- [mtp-hr-service] [tomcat-handler-469] o.s.security.web.FilterChainProxy        : Secured GET /api/chat/history/user/superadmin@mloptapang.org
2026-06-30T09:37:14.648+07:00 DEBUG 2244 --- [mtp-hr-service] [tomcat-handler-470] o.s.security.web.FilterChainProxy        : Secured GET /api/settings/APP_LOGO
2026-06-30T09:37:14.662+07:00 DEBUG 2244 --- [mtp-hr-service] [tomcat-handler-471] o.s.security.web.FilterChainProxy        : Secured GET /api/settings/APP_LOGO
2026-06-30T09:37:15.038+07:00 DEBUG 2244 --- [mtp-hr-service] [tomcat-handler-476] o.s.security.web.FilterChainProxy        : Securing GET /api/chat/history/user/superadmin@mloptapang.org
2026-06-30T09:37:15.047+07:00 DEBUG 2244 --- [mtp-hr-service] [tomcat-handler-478] o.s.security.web.FilterChainProxy        : Securing GET /api/chat/history/user/superadmin@mloptapang.org
2026-06-30T09:37:15.081+07:00 DEBUG 2244 --- [mtp-hr-service] [tomcat-handler-479] o.s.security.web.FilterChainProxy        : Securing GET /api/settings/APP_LOGO
2026-06-30T09:37:15.098+07:00 DEBUG 2244 --- [mtp-hr-service] [tomcat-handler-480] o.s.security.web.FilterChainProxy        : Securing GET /api/settings/APP_LOGO
2026-06-30T09:37:15.142+07:00 DEBUG 2244 --- [mtp-hr-service] [tomcat-handler-478] o.s.security.web.FilterChainProxy        : Secured GET /api/chat/history/user/superadmin@mloptapang.org
2026-06-30T09:37:15.143+07:00 DEBUG 2244 --- [mtp-hr-service] [tomcat-handler-476] o.s.security.web.FilterChainProxy        : Secured GET /api/chat/history/user/superadmin@mloptapang.org
2026-06-30T09:37:15.183+07:00 DEBUG 2244 --- [mtp-hr-service] [tomcat-handler-479] o.s.security.web.FilterChainProxy        : Secured GET /api/settings/APP_LOGO
2026-06-30T09:37:15.183+07:00 DEBUG 2244 --- [mtp-hr-service] [tomcat-handler-480] o.s.security.web.FilterChainProxy        : Secured GET /api/settings/APP_LOGO
2026-06-30T09:37:15.480+07:00 DEBUG 2244 --- [mtp-hr-service] [tomcat-handler-484] o.s.security.web.FilterChainProxy        : Securing GET /api/chat/history/user/superadmin@mloptapang.org
2026-06-30T09:37:15.496+07:00 DEBUG 2244 --- [mtp-hr-service] [tomcat-handler-486] o.s.security.web.FilterChainProxy        : Securing GET /api/chat/history/user/superadmin@mloptapang.org
2026-06-30T09:37:15.537+07:00 DEBUG 2244 --- [mtp-hr-service] [tomcat-handler-487] o.s.security.web.FilterChainProxy        : Securing GET /api/settings/APP_LOGO
2026-06-30T09:37:15.537+07:00 DEBUG 2244 --- [mtp-hr-service] [tomcat-handler-488] o.s.security.web.FilterChainProxy        : Securing GET /api/settings/APP_LOGO
2026-06-30T09:37:15.602+07:00 DEBUG 2244 --- [mtp-hr-service] [tomcat-handler-484] o.s.security.web.FilterChainProxy        : Secured GET /api/chat/history/user/superadmin@mloptapang.org
2026-06-30T09:37:15.621+07:00 DEBUG 2244 --- [mtp-hr-service] [tomcat-handler-486] o.s.security.web.FilterChainProxy        : Secured GET /api/chat/history/user/superadmin@mloptapang.org
2026-06-30T09:37:15.638+07:00 DEBUG 2244 --- [mtp-hr-service] [tomcat-handler-488] o.s.security.web.FilterChainProxy        : Secured GET /api/settings/APP_LOGO
2026-06-30T09:37:15.649+07:00 DEBUG 2244 --- [mtp-hr-service] [tomcat-handler-487] o.s.security.web.FilterChainProxy        : Secured GET /api/settings/APP_LOGO
2026-06-30T09:37:37.356+07:00 DEBUG 2244 --- [mtp-hr-service] [tomcat-handler-489] o.s.security.web.FilterChainProxy        : Securing GET /api/connections
2026-06-30T09:37:37.398+07:00 DEBUG 2244 --- [mtp-hr-service] [tomcat-handler-489] o.s.security.web.FilterChainProxy        : Secured GET /api/connections
2026-06-30T09:37:41.208+07:00 DEBUG 2244 --- [mtp-hr-service] [tomcat-handler-490] o.s.security.web.FilterChainProxy        : Securing GET /api/connections
2026-06-30T09:37:41.240+07:00 DEBUG 2244 --- [mtp-hr-service] [tomcat-handler-490] o.s.security.web.FilterChainProxy        : Secured GET /api/connections
2026-06-30T09:37:47.671+07:00 DEBUG 2244 --- [mtp-hr-service] [tomcat-handler-492] o.s.security.web.FilterChainProxy        : Securing GET /api/chat/history/user/superadmin@mloptapang.org
2026-06-30T09:37:47.686+07:00 DEBUG 2244 --- [mtp-hr-service] [tomcat-handler-495] o.s.security.web.FilterChainProxy        : Securing GET /api/chat/history/user/superadmin@mloptapang.org
2026-06-30T09:37:47.711+07:00 DEBUG 2244 --- [mtp-hr-service] [tomcat-handler-496] o.s.security.web.FilterChainProxy        : Securing GET /api/settings/APP_LOGO
2026-06-30T09:37:47.722+07:00 DEBUG 2244 --- [mtp-hr-service] [tomcat-handler-497] o.s.security.web.FilterChainProxy        : Securing GET /api/tickets
2026-06-30T09:37:47.738+07:00 DEBUG 2244 --- [mtp-hr-service] [tomcat-handler-498] o.s.security.web.FilterChainProxy        : Securing GET /api/tickets
2026-06-30T09:37:47.739+07:00 DEBUG 2244 --- [mtp-hr-service] [tomcat-handler-499] o.s.security.web.FilterChainProxy        : Securing GET /api/settings/APP_LOGO
2026-06-30T09:37:47.780+07:00 DEBUG 2244 --- [mtp-hr-service] [tomcat-handler-492] o.s.security.web.FilterChainProxy        : Secured GET /api/chat/history/user/superadmin@mloptapang.org
2026-06-30T09:37:47.791+07:00 DEBUG 2244 --- [mtp-hr-service] [tomcat-handler-495] o.s.security.web.FilterChainProxy        : Secured GET /api/chat/history/user/superadmin@mloptapang.org
2026-06-30T09:37:47.825+07:00 DEBUG 2244 --- [mtp-hr-service] [tomcat-handler-496] o.s.security.web.FilterChainProxy        : Secured GET /api/settings/APP_LOGO
2026-06-30T09:37:47.831+07:00 DEBUG 2244 --- [mtp-hr-service] [tomcat-handler-497] o.s.security.web.FilterChainProxy        : Secured GET /api/tickets
2026-06-30T09:37:47.837+07:00 DEBUG 2244 --- [mtp-hr-service] [tomcat-handler-498] o.s.security.web.FilterChainProxy        : Secured GET /api/tickets
2026-06-30T09:37:47.868+07:00 DEBUG 2244 --- [mtp-hr-service] [tomcat-handler-499] o.s.security.web.FilterChainProxy        : Secured GET /api/settings/APP_LOGO
2026-06-30T09:37:48.434+07:00 DEBUG 2244 --- [mtp-hr-service] [tomcat-handler-502] o.s.security.web.FilterChainProxy        : Securing GET /api/chat/history/user/superadmin@mloptapang.org
2026-06-30T09:37:48.444+07:00 DEBUG 2244 --- [mtp-hr-service] [tomcat-handler-506] o.s.security.web.FilterChainProxy        : Securing GET /api/chat/history/user/superadmin@mloptapang.org
2026-06-30T09:37:48.495+07:00 DEBUG 2244 --- [mtp-hr-service] [tomcat-handler-502] o.s.security.web.FilterChainProxy        : Secured GET /api/chat/history/user/superadmin@mloptapang.org
2026-06-30T09:37:48.504+07:00 DEBUG 2244 --- [mtp-hr-service] [tomcat-handler-506] o.s.security.web.FilterChainProxy        : Secured GET /api/chat/history/user/superadmin@mloptapang.org
2026-06-30T09:37:48.551+07:00 DEBUG 2244 --- [mtp-hr-service] [tomcat-handler-507] o.s.security.web.FilterChainProxy        : Securing GET /api/settings/APP_LOGO
2026-06-30T09:37:48.571+07:00 DEBUG 2244 --- [mtp-hr-service] [tomcat-handler-508] o.s.security.web.FilterChainProxy        : Securing GET /api/settings/APP_LOGO
2026-06-30T09:37:48.745+07:00 DEBUG 2244 --- [mtp-hr-service] [tomcat-handler-507] o.s.security.web.FilterChainProxy        : Secured GET /api/settings/APP_LOGO
2026-06-30T09:37:48.746+07:00 DEBUG 2244 --- [mtp-hr-service] [tomcat-handler-508] o.s.security.web.FilterChainProxy        : Secured GET /api/settings/APP_LOGO
2026-06-30T09:37:49.441+07:00 DEBUG 2244 --- [mtp-hr-service] [tomcat-handler-518] o.s.security.web.FilterChainProxy        : Securing GET /api/chat/history/public
2026-06-30T09:37:49.443+07:00 DEBUG 2244 --- [mtp-hr-service] [tomcat-handler-519] o.s.security.web.FilterChainProxy        : Securing GET /api/chat/history/public
2026-06-30T09:37:49.532+07:00 DEBUG 2244 --- [mtp-hr-service] [tomcat-handler-519] o.s.security.web.FilterChainProxy        : Secured GET /api/chat/history/public
2026-06-30T09:37:49.533+07:00 DEBUG 2244 --- [mtp-hr-service] [tomcat-handler-518] o.s.security.web.FilterChainProxy        : Secured GET /api/chat/history/public
2026-06-30T09:37:49.569+07:00 DEBUG 2244 --- [mtp-hr-service] [tomcat-handler-527] o.s.security.web.FilterChainProxy        : Securing GET /api/chat/history/user/superadmin@mloptapang.org
2026-06-30T09:37:49.569+07:00 DEBUG 2244 --- [mtp-hr-service] [tomcat-handler-528] o.s.security.web.FilterChainProxy        : Securing GET /api/chat/history/user/superadmin@mloptapang.org
2026-06-30T09:37:49.750+07:00 DEBUG 2244 --- [mtp-hr-service] [tomcat-handler-527] o.s.security.web.FilterChainProxy        : Secured GET /api/chat/history/user/superadmin@mloptapang.org
2026-06-30T09:37:49.750+07:00 DEBUG 2244 --- [mtp-hr-service] [tomcat-handler-528] o.s.security.web.FilterChainProxy        : Secured GET /api/chat/history/user/superadmin@mloptapang.org
2026-06-30T09:37:49.772+07:00 DEBUG 2244 --- [mtp-hr-service] [tomcat-handler-529] o.s.security.web.FilterChainProxy        : Securing GET /api/settings/APP_LOGO
2026-06-30T09:37:49.775+07:00 DEBUG 2244 --- [mtp-hr-service] [tomcat-handler-530] o.s.security.web.FilterChainProxy        : Securing GET /api/settings/APP_LOGO
2026-06-30T09:37:49.947+07:00 DEBUG 2244 --- [mtp-hr-service] [tomcat-handler-530] o.s.security.web.FilterChainProxy        : Secured GET /api/settings/APP_LOGO
2026-06-30T09:37:49.954+07:00 DEBUG 2244 --- [mtp-hr-service] [tomcat-handler-529] o.s.security.web.FilterChainProxy        : Secured GET /api/settings/APP_LOGO
2026-06-30T09:37:53.915+07:00  WARN 2244 --- [mtp-hr-service] [tomcat-handler-497] c.m.api.config.PerformanceMonitorAspect  : SLOW_API | SupportTicketController.getAll() | 6083ms — consider adding @Cacheable or pagination
2026-06-30T09:37:53.951+07:00  WARN 2244 --- [mtp-hr-service] [tomcat-handler-498] c.m.api.config.PerformanceMonitorAspect  : SLOW_API | SupportTicketController.getAll() | 6113ms — consider adding @Cacheable or pagination
2026-06-30T09:37:57.864+07:00 DEBUG 2244 --- [mtp-hr-service] [tomcat-handler-534] o.s.security.web.FilterChainProxy        : Securing GET /api/chat/history/user/superadmin@mloptapang.org
2026-06-30T09:37:57.873+07:00 DEBUG 2244 --- [mtp-hr-service] [tomcat-handler-537] o.s.security.web.FilterChainProxy        : Securing GET /api/chat/history/user/superadmin@mloptapang.org
2026-06-30T09:37:57.926+07:00 DEBUG 2244 --- [mtp-hr-service] [tomcat-handler-534] o.s.security.web.FilterChainProxy        : Secured GET /api/chat/history/user/superadmin@mloptapang.org
2026-06-30T09:37:57.927+07:00 DEBUG 2244 --- [mtp-hr-service] [tomcat-handler-537] o.s.security.web.FilterChainProxy        : Secured GET /api/chat/history/user/superadmin@mloptapang.org
2026-06-30T09:37:57.999+07:00 DEBUG 2244 --- [mtp-hr-service] [tomcat-handler-538] o.s.security.web.FilterChainProxy        : Securing GET /api/settings/APP_LOGO
2026-06-30T09:37:58.012+07:00 DEBUG 2244 --- [mtp-hr-service] [tomcat-handler-539] o.s.security.web.FilterChainProxy        : Securing GET /api/settings/APP_LOGO
2026-06-30T09:37:58.091+07:00 DEBUG 2244 --- [mtp-hr-service] [tomcat-handler-538] o.s.security.web.FilterChainProxy        : Secured GET /api/settings/APP_LOGO
2026-06-30T09:37:58.097+07:00 DEBUG 2244 --- [mtp-hr-service] [tomcat-handler-539] o.s.security.web.FilterChainProxy        : Secured GET /api/settings/APP_LOGO
2026-06-30T09:37:58.592+07:00 DEBUG 2244 --- [mtp-hr-service] [tomcat-handler-543] o.s.security.web.FilterChainProxy        : Securing GET /api/chat/history/user/superadmin@mloptapang.org
2026-06-30T09:37:58.614+07:00 DEBUG 2244 --- [mtp-hr-service] [tomcat-handler-546] o.s.security.web.FilterChainProxy        : Securing GET /api/chat/history/user/superadmin@mloptapang.org
2026-06-30T09:37:58.625+07:00 DEBUG 2244 --- [mtp-hr-service] [tomcat-handler-547] o.s.security.web.FilterChainProxy        : Securing GET /api/settings/APP_LOGO
2026-06-30T09:37:58.632+07:00 DEBUG 2244 --- [mtp-hr-service] [tomcat-handler-548] o.s.security.web.FilterChainProxy        : Securing GET /api/tickets
2026-06-30T09:37:58.648+07:00 DEBUG 2244 --- [mtp-hr-service] [tomcat-handler-549] o.s.security.web.FilterChainProxy        : Securing GET /api/tickets
2026-06-30T09:37:58.649+07:00 DEBUG 2244 --- [mtp-hr-service] [tomcat-handler-550] o.s.security.web.FilterChainProxy        : Securing GET /api/settings/APP_LOGO
2026-06-30T09:37:58.735+07:00 DEBUG 2244 --- [mtp-hr-service] [tomcat-handler-547] o.s.security.web.FilterChainProxy        : Secured GET /api/settings/APP_LOGO
2026-06-30T09:37:58.735+07:00 DEBUG 2244 --- [mtp-hr-service] [tomcat-handler-548] o.s.security.web.FilterChainProxy        : Secured GET /api/tickets
2026-06-30T09:37:58.736+07:00 DEBUG 2244 --- [mtp-hr-service] [tomcat-handler-546] o.s.security.web.FilterChainProxy        : Secured GET /api/chat/history/user/superadmin@mloptapang.org
2026-06-30T09:37:58.741+07:00 DEBUG 2244 --- [mtp-hr-service] [tomcat-handler-543] o.s.security.web.FilterChainProxy        : Secured GET /api/chat/history/user/superadmin@mloptapang.org
2026-06-30T09:37:58.811+07:00 DEBUG 2244 --- [mtp-hr-service] [tomcat-handler-549] o.s.security.web.FilterChainProxy        : Secured GET /api/tickets
2026-06-30T09:37:58.811+07:00 DEBUG 2244 --- [mtp-hr-service] [tomcat-handler-550] o.s.security.web.FilterChainProxy        : Secured GET /api/settings/APP_LOGO
2026-06-30T09:38:04.869+07:00  WARN 2244 --- [mtp-hr-service] [tomcat-handler-548] c.m.api.config.PerformanceMonitorAspect  : SLOW_API | SupportTicketController.getAll() | 6133ms — consider adding @Cacheable or pagination
2026-06-30T09:38:04.965+07:00  WARN 2244 --- [mtp-hr-service] [tomcat-handler-549] c.m.api.config.PerformanceMonitorAspect  : SLOW_API | SupportTicketController.getAll() | 6153ms — consider adding @Cacheable or pagination
2026-06-30T09:40:50.505+07:00  INFO 2244 --- [mtp-hr-service] [AsyncResolver-bootstrap-executor-%d] c.n.d.s.r.aws.ConfigClusterResolver      : Resolving eureka endpoints via configuration
2026-06-30T09:45:50.506+07:00  INFO 2244 --- [mtp-hr-service] [AsyncResolver-bootstrap-executor-%d] c.n.d.s.r.aws.ConfigClusterResolver      : Resolving eureka endpoints via configuration
2026-06-30T09:50:50.507+07:00  INFO 2244 --- [mtp-hr-service] [AsyncResolver-bootstrap-executor-%d] c.n.d.s.r.aws.ConfigClusterResolver      : Resolving eureka endpoints via configuration
2026-06-30T09:50:51.012+07:00  INFO 2244 --- [mtp-hr-service] [MessageBroker-2] c.m.a.s.impl.AttendanceServiceImpl       : [ZK-AutoSync] Waking up to process 3 hardware nodes...
2026-06-30T09:50:51.023+07:00  INFO 2244 --- [mtp-hr-service] [MessageBroker-2] c.m.a.s.impl.AttendanceServiceImpl       : System Employee ID Samples: [101, 102, 103, USR-admin@mtp.com, USR-superadmin@mloptapang.org, EMP-2026-0012]
2026-06-30T09:50:51.027+07:00  INFO 2244 --- [mtp-hr-service] [MessageBroker-2] c.m.a.s.impl.AttendanceServiceImpl       : Connecting to hardware node: 192.168.2.10
2026-06-30T09:50:51.029+07:00  INFO 2244 --- [mtp-hr-service] [MessageBroker-2] com.mtp.api.utils.ZkDeviceClient         : Fetching User Registry from hardware: 192.168.2.10
2026-06-30T09:50:51.070+07:00  INFO 2244 --- [mtp-hr-service] [MessageBroker-2] com.mtp.api.utils.ZkDeviceClient         : [ZK-Protocol] Session Locked & Confirmed: 37163
2026-06-30T09:50:51.099+07:00  INFO 2244 --- [mtp-hr-service] [MessageBroker-2] com.mtp.api.utils.ZkDeviceClient         : [ZK-Protocol] Probing user table: user...
2026-06-30T09:50:51.116+07:00  INFO 2244 --- [mtp-hr-service] [MessageBroker-2] com.mtp.api.utils.ZkDeviceClient         : [ZK-Protocol] Probing user table: USER_INFO...
2026-06-30T09:50:51.129+07:00  INFO 2244 --- [mtp-hr-service] [MessageBroker-2] com.mtp.api.utils.ZkDeviceClient         : [ZK-Protocol] Probing user table: person...
2026-06-30T09:50:51.143+07:00  INFO 2244 --- [mtp-hr-service] [MessageBroker-2] com.mtp.api.utils.ZkDeviceClient         : [ZK-Protocol] Modern user tables empty. Trying Streaming Legacy CMD_USER_RRQ...
2026-06-30T09:50:51.154+07:00  INFO 2244 --- [mtp-hr-service] [MessageBroker-2] com.mtp.api.utils.ZkDeviceClient         : [ZK-Protocol] UDP failed. Attempting TCP fallback for User List...
2026-06-30T09:50:51.189+07:00  INFO 2244 --- [mtp-hr-service] [MessageBroker-2] c.m.a.s.impl.AttendanceServiceImpl       : [ZK-Registry] Found 0 names on hardware.
2026-06-30T09:50:51.924+07:00  INFO 2244 --- [mtp-hr-service] [MessageBroker-2] com.mtp.api.utils.ZkDeviceClient         : [ZK-Protocol] Session Locked & Confirmed: 37164
2026-06-30T09:50:51.960+07:00  INFO 2244 --- [mtp-hr-service] [MessageBroker-2] com.mtp.api.utils.ZkDeviceClient         : [ZK-Protocol] Using Legacy CMD_ATTLOG_RRQ for hardware compatibility...
2026-06-30T09:50:51.970+07:00  INFO 2244 --- [mtp-hr-service] [MessageBroker-2] com.mtp.api.utils.ZkDeviceClient         : [ZK-Protocol] UDP stream returned no legacy data. Probing modern attlog table...
2026-06-30T09:50:52.007+07:00  INFO 2244 --- [mtp-hr-service] [MessageBroker-2] c.m.a.s.impl.AttendanceServiceImpl       : No new logs found on device: 192.168.2.10
2026-06-30T09:50:52.050+07:00  INFO 2244 --- [mtp-hr-service] [MessageBroker-2] c.m.a.s.impl.AttendanceServiceImpl       : System Employee ID Samples: [101, 102, 103, USR-admin@mtp.com, USR-superadmin@mloptapang.org, EMP-2026-0012]
2026-06-30T09:50:52.052+07:00  INFO 2244 --- [mtp-hr-service] [MessageBroker-2] c.m.a.s.impl.AttendanceServiceImpl       : Connecting to hardware node: 192.168.5.10
2026-06-30T09:50:52.052+07:00  INFO 2244 --- [mtp-hr-service] [MessageBroker-2] com.mtp.api.utils.ZkDeviceClient         : Fetching User Registry from hardware: 192.168.5.10
2026-06-30T09:51:00.055+07:00 ERROR 2244 --- [mtp-hr-service] [MessageBroker-2] c.m.a.s.impl.AttendanceServiceImpl       : Hardware Protocol Error [192.168.5.10]: Receive timed out
2026-06-30T09:51:00.059+07:00  INFO 2244 --- [mtp-hr-service] [MessageBroker-2] c.m.a.s.impl.AttendanceServiceImpl       : System Employee ID Samples: [101, 102, 103, USR-admin@mtp.com, USR-superadmin@mloptapang.org, EMP-2026-0012]
2026-06-30T09:51:00.060+07:00  INFO 2244 --- [mtp-hr-service] [MessageBroker-2] c.m.a.s.impl.AttendanceServiceImpl       : Connecting to hardware node: 192.168.2.10
2026-06-30T09:51:00.060+07:00  INFO 2244 --- [mtp-hr-service] [MessageBroker-2] com.mtp.api.utils.ZkDeviceClient         : Fetching User Registry from hardware: 192.168.2.10
2026-06-30T09:51:00.098+07:00  INFO 2244 --- [mtp-hr-service] [MessageBroker-2] com.mtp.api.utils.ZkDeviceClient         : [ZK-Protocol] Session Locked & Confirmed: 37172
2026-06-30T09:51:00.145+07:00  INFO 2244 --- [mtp-hr-service] [MessageBroker-2] com.mtp.api.utils.ZkDeviceClient         : [ZK-Protocol] Probing user table: user...
2026-06-30T09:51:00.156+07:00  INFO 2244 --- [mtp-hr-service] [MessageBroker-2] com.mtp.api.utils.ZkDeviceClient         : [ZK-Protocol] Probing user table: USER_INFO...
2026-06-30T09:51:00.166+07:00  INFO 2244 --- [mtp-hr-service] [MessageBroker-2] com.mtp.api.utils.ZkDeviceClient         : [ZK-Protocol] Probing user table: person...
2026-06-30T09:51:00.193+07:00  INFO 2244 --- [mtp-hr-service] [MessageBroker-2] com.mtp.api.utils.ZkDeviceClient         : [ZK-Protocol] Modern user tables empty. Trying Streaming Legacy CMD_USER_RRQ...
2026-06-30T09:51:00.208+07:00  INFO 2244 --- [mtp-hr-service] [MessageBroker-2] com.mtp.api.utils.ZkDeviceClient         : [ZK-Protocol] UDP failed. Attempting TCP fallback for User List...
2026-06-30T09:51:00.243+07:00  INFO 2244 --- [mtp-hr-service] [MessageBroker-2] c.m.a.s.impl.AttendanceServiceImpl       : [ZK-Registry] Found 0 names on hardware.
2026-06-30T09:51:00.930+07:00  INFO 2244 --- [mtp-hr-service] [MessageBroker-2] com.mtp.api.utils.ZkDeviceClient         : [ZK-Protocol] Session Locked & Confirmed: 37173
2026-06-30T09:51:00.958+07:00  INFO 2244 --- [mtp-hr-service] [MessageBroker-2] com.mtp.api.utils.ZkDeviceClient         : [ZK-Protocol] Using Legacy CMD_ATTLOG_RRQ for hardware compatibility...
2026-06-30T09:51:00.970+07:00  INFO 2244 --- [mtp-hr-service] [MessageBroker-2] com.mtp.api.utils.ZkDeviceClient         : [ZK-Protocol] UDP stream returned no legacy data. Probing modern attlog table...
2026-06-30T09:51:01.002+07:00  INFO 2244 --- [mtp-hr-service] [MessageBroker-2] c.m.a.s.impl.AttendanceServiceImpl       : No new logs found on device: 192.168.2.10
2026-06-30T09:55:50.508+07:00  INFO 2244 --- [mtp-hr-service] [AsyncResolver-bootstrap-executor-%d] c.n.d.s.r.aws.ConfigClusterResolver      : Resolving eureka endpoints via configuration
2026-06-30T10:00:00.001+07:00  INFO 2244 --- [mtp-hr-service] [MessageBroker-8] c.m.a.schedulers.SupportTicketScheduler  : Running SupportTicketScheduler to auto-close resolved tickets...
2026-06-30T10:00:50.509+07:00  INFO 2244 --- [mtp-hr-service] [AsyncResolver-bootstrap-executor-%d] c.n.d.s.r.aws.ConfigClusterResolver      : Resolving eureka endpoints via configuration
